0.117675781,0.952636719,-0.125488281,16.16793893,10.87022901,-11.35877863,,,x,0.11767578,0.004882813,0.032958984,0.065673828,0.010009766,,,y,0.95263672,0.986572266,0.927001953,0.977539063,0.935546875,,‚š,-0.125488281,0.109375,-0.107177734,-0.072753906,-0.090820313,,gx,16.16793893,30.24427481,22.60305344,18.59541985,25.65648855,,gy,10.87022901,-2.79389313,2.045801527,-1.633587786,-3.007633588
0.061279297,0.930419922,-0.104980469,15.92366412,13.5648855,-11.29770992,,,,0.0612793,0.017089844,0.056884766,0.027587891,0.070556641,,,,0.93041992,0.980224609,0.980957031,0.9375,0.989013672,,,-0.104980469,0.084228516,-0.100097656,-0.08203125,-0.012695313,,,15.92366412,29.64885496,22.95419847,18.83206107,25.32061069,,,13.5648855,5.442748092,2.022900763,2.519083969,-2.618320611
0.088134766,0.949951172,-0.112548828,16.03816794,10.25954198,-11.65648855,,,,0.08813477,-0.037597656,0.021484375,0.057128906,0.076171875,,,,0.94995117,0.942138672,0.935302734,0.962402344,0.948974609,,,-0.112548828,0.102783203,-0.111816406,-0.096191406,-0.101806641,,,16.03816794,28.54198473,23.22900763,19.11450382,24.64885496,,,10.25954198,4.183206107,2.442748092,2.038167939,-0.809160305
-0.002441406,0.924072266,-0.133789063,16.80152672,3.969465649,-9.824427481,,,,-0.0024414,-0.005859375,0.076171875,0.03125,0.107177734,,,,0.92407227,0.979248047,0.979492188,0.917236328,0.977294922,,,-0.133789063,0.085205078,-0.12890625,-0.008544922,-0.073974609,,,16.80152672,26.3129771,22.26717557,19.97709924,23.67175573,,,3.969465649,4.938931298,4.435114504,5.305343511,3.740458015
0.15234375,0.848876953,-0.171630859,22.07633588,-5.061068702,-11.64885496,,,,0.15234375,-0.0546875,0.028320313,0.067871094,0.101318359,,,,0.84887695,0.916259766,0.934570313,0.979003906,0.937988281,,,-0.171630859,0.0546875,-0.164550781,-0.020507813,-0.083740234,,,22.07633588,24.70992366,20.89312977,20.36641221,23.81679389,,,-5.061068702,-2.328244275,8.099236641,8.511450382,4.435114504
0.089599609,0.953613281,-0.036376953,18.90076336,-4.381679389,-11.82442748,,,,0.08959961,0.015380859,0.040527344,0.027099609,0.119873047,,,,0.95361328,0.946289063,0.955322266,0.943603516,0.96875,,,-0.036376953,0.031738281,-0.194824219,-0.057373047,-0.069824219,,,18.90076336,23.78625954,19.8778626,21.22137405,23.61068702,,,-4.381679389,-5.251908397,5.938931298,9.755725191,5.633587786
0.154541016,0.964355469,-0.0625,20.70992366,-4.557251908,-11.69465649,,,,0.15454102,-0.00390625,0.008544922,0.012695313,0.090087891,,,,0.96435547,0.934570313,0.913818359,0.970458984,0.918701172,,,-0.0625,0.061523438,-0.164794922,-0.065429688,-0.093994141,,,20.70992366,22.30534351,19.58778626,20.20610687,22.87022901,,,-4.557251908,1.908396947,6.366412214,4.480916031,5.045801527
0.139404297,0.959472656,-0.075195313,21.18320611,0.198473282,-11.81679389,,,,0.1394043,0.071777344,0.006835938,-0.005126953,0.054931641,,,,0.95947266,0.999755859,0.961669922,0.924804688,0.947753906,,,-0.075195313,0.105224609,-0.14453125,-0.032958984,-0.100585938,,,21.18320611,20.93129771,18.44274809,20.10687023,23.00763359,,,0.198473282,5.114503817,0.86259542,-2.748091603,3.503816794
0.070800781,0.953613281,-0.030761719,20.78625954,2.786259542,-11.77099237,,,,0.07080078,0.064208984,0.045898438,0.123046875,0.059326172,,,,0.95361328,0.903808594,0.930908203,0.951660156,0.931152344,,,-0.030761719,-0.006591797,-0.130859375,-0.025878906,-0.003173828,,,20.78625954,23.4351145,18.49618321,21.10687023,22.81679389,,,2.786259542,6.580152672,-4.679389313,-2.595419847,3.740458015
0.069335938,0.967773438,-0.135498047,18.90839695,-4.007633588,-11.69465649,,,,0.06933594,0.047363281,0.100097656,0.120117188,0.063720703,,,,0.96777344,0.952880859,0.961425781,0.913330078,0.9609375,,,-0.135498047,0.004638672,-0.123535156,-0.111572266,-0.005371094,,,18.90839695,22.64122137,18.42748092,23.35114504,22.33587786,,,-4.007633588,1.549618321,-4.297709924,0.732824427,3.213740458
0.086914063,0.926757813,-0.156005859,17.91603053,-8.72519084,-11.63358779,,,,0.08691406,-0.004882813,0.104248047,0.133300781,0.086425781,,,,0.92675781,0.921875,0.924316406,0.958984375,0.925537109,,,-0.156005859,0.1015625,-0.133300781,-0.095458984,-0.051757813,,,17.91603053,24.41221374,18.61068702,21.71755725,22.20610687,,,-8.72519084,-4.954198473,-0.213740458,6.465648855,4.687022901
0.150878906,0.963134766,-0.107666016,17.30534351,-1.65648855,-13.59541985,,,,0.15087891,0.038574219,0.12890625,0.08984375,0.063964844,,,,0.96313477,0.9375,0.951660156,0.908935547,0.946777344,,,-0.107666016,0.076660156,-0.209472656,-0.100585938,-0.060302734,,,17.30534351,25.6259542,18.81679389,22.44274809,22.59541985,,,-1.65648855,-6.091603053,5.503816794,13.67175573,4.229007634
0.126220703,0.915771484,-0.059082031,17.39694656,6.160305344,-11.90839695,,,,0.1262207,0.058837891,0.082763672,0.078369141,0.038818359,,,,0.91577148,0.929931641,0.911132813,0.965332031,0.938476563,,,-0.059082031,0.012939453,-0.220947266,-0.067626953,-0.088134766,,,17.39694656,25.63358779,18.94656489,22.89312977,22.67175573,,,6.160305344,0.526717557,8.458015267,13.19083969,6.473282443
0.138916016,0.943847656,-0.021972656,17.0610687,9.625954198,-11.65648855,,,,0.13891602,0.043212891,0.079101563,0.036376953,0.012939453,,,,0.94384766,0.936279297,0.951171875,0.939941406,0.948242188,,,-0.021972656,0.049804688,-0.202148438,-0.041748047,0.021972656,,,17.0610687,25.07633588,18.94656489,22.6259542,23.17557252,,,9.625954198,6.41221374,11.16793893,6.282442748,3.122137405
0.080810547,0.909423828,-0.135498047,17.19083969,10.16793893,-11.88549618,,,,0.08081055,-0.015136719,0.023925781,0.055664063,0.028320313,,,,0.90942383,0.927490234,0.910644531,0.968505859,0.934570313,,,-0.135498047,0.052490234,-0.200927734,-0.0234375,-0.001220703,,,17.19083969,26.12977099,18.8778626,22.29770992,23.59541985,,,10.16793893,8.702290076,7.389312977,1.496183206,-1.938931298
0.107666016,0.961181641,-0.088134766,18.3129771,8.427480916,-11.7480916,,,,0.10766602,-0.020263672,0.020751953,0.065673828,0.05859375,,,,0.96118164,0.904541016,0.958496094,0.927246094,0.942871094,,,-0.088134766,0.080322266,-0.163574219,-0.130126953,-0.006103516,,,18.3129771,27.46564885,19.0610687,22.50381679,24.64885496,,,8.427480916,4.458015267,-1.335877863,-1.053435115,-0.358778626
0.040527344,0.903320313,-0.064697266,19.35114504,8.938931298,-11.80916031,,,,0.04052734,0.006591797,0.046386719,0.056640625,0.073974609,,,,0.90332031,0.939453125,0.950683594,0.947021484,0.928466797,,,-0.064697266,-0.010253906,-0.184570313,-0.01171875,-0.041748047,,,19.35114504,27.64122137,18.58778626,21.79389313,24.35114504,,,8.938931298,-2.603053435,-3.442748092,1.312977099,0.885496183
0.120361328,0.950195313,-0.022705078,21.15267176,7.511450382,-11.75572519,,,,0.12036133,0.018554688,0.093994141,0.071533203,0.034667969,,,,0.95019531,0.909423828,0.959228516,0.922851563,0.946289063,,,-0.022705078,-0.040527344,-0.108886719,-0.030273438,-0.043701172,,,21.15267176,27.54198473,19.76335878,22.07633588,24.05343511,,,7.511450382,-8.72519084,2.282442748,2.305343511,0.900763359
0.084960938,0.902099609,-0.114013672,21.80152672,2.366412214,-11.64122137,,,,0.08496094,0.06640625,0.081298828,0.06640625,0.040283203,,,,0.90209961,0.966796875,0.950683594,0.906982422,0.954589844,,,-0.114013672,-0.019287109,-0.143066406,-0.029052734,-0.017822266,,,21.80152672,26.82442748,20.41221374,23.02290076,23.64122137,,,2.366412214,-6.610687023,8.778625954,6.251908397,3.160305344
0.109619141,0.965576172,-0.08984375,21.87022901,-1.870229008,-11.82442748,,,,0.10961914,0.057128906,0.083251953,0.052978516,0.066650391,,,,0.96557617,0.912841797,0.959716797,0.940673828,0.922607422,,,-0.08984375,0.047607422,-0.12890625,-0.1015625,-0.095703125,,,21.87022901,27.47328244,20.32061069,23.10687023,23.70992366,,,-1.870229008,-0.809160305,9.732824427,6.374045802,6.122137405
0.135742188,0.933349609,-0.065673828,22.71755725,1.480916031,-11.60305344,,,,0.13574219,0.101806641,0.057128906,0.017578125,0.048828125,,,,0.93334961,0.953369141,0.919433594,0.922607422,0.966796875,,,-0.065673828,0.032958984,-0.151123047,-0.084228516,-0.116455078,,,22.71755725,27.57251908,20.87022901,22.6870229,25.35877863,,,1.480916031,4.969465649,7.603053435,4.603053435,7.916030534
0.167480469,0.961914063,-0.100097656,23.35877863,3.900763359,-11.86259542,,,,0.16748047,0.054443359,0.013183594,0.060791016,-0.038818359,,,,0.96191406,0.911865234,0.939208984,0.943603516,0.954589844,,,-0.100097656,-0.014648438,-0.158935547,-0.065185547,-0.116210938,,,23.35877863,27.70992366,22.19847328,23.38931298,22.80916031,,,3.900763359,5.564885496,2.442748092,2.603053435,7.198473282
0.115478516,0.927001953,-0.141113281,23.76335878,5.839694656,-11.65648855,,,,0.11547852,0.028076172,0.022216797,0.053222656,-0.009765625,,,,0.92700195,0.952880859,0.947265625,0.924072266,0.993652344,,,-0.141113281,-0.020019531,-0.186767578,-0.107421875,-0.036132813,,,23.76335878,27.69465649,22.27480916,21.53435115,21.38167939,,,5.839694656,3.541984733,-2.267175573,2.015267176,6.427480916
0.08984375,0.977539063,-0.117675781,22.90839695,2.954198473,-13.64885496,,,,0.08984375,-0.001464844,0.041503906,0.101318359,-0.016357422,,,,0.97753906,0.921630859,0.949707031,0.965087891,0.961669922,,,-0.117675781,0.053710938,-0.096679688,-0.11328125,-0.083740234,,,22.90839695,29.29770992,21.79389313,21.03816794,20.3129771,,,2.954198473,0.160305344,-2.633587786,4.694656489,6.809160305
0.090332031,0.949951172,-0.061035156,22.15267176,1.893129771,-11.70992366,,,,0.09033203,0.047607422,0.054443359,0.047607422,-0.040527344,,,,0.94995117,0.962158203,0.948730469,0.936523438,0.998779297,,,-0.061035156,0.056640625,-0.114257813,-0.118896484,-0.079101563,,,22.15267176,26.54198473,21.61832061,20.90076336,19.35114504,,,1.893129771,2.20610687,1.671755725,6.312977099,10.78625954
0.112792969,0.977050781,-0.076171875,21.51908397,2.358778626,-11.76335878,,,,0.11279297,0.006591797,0.048828125,0.063964844,-0.092773438,,,,0.97705078,0.940429688,0.940185547,0.940673828,0.963378906,,,-0.076171875,0.046386719,-0.094726563,-0.122558594,-0.103515625,,,21.51908397,25.59541985,21.8778626,20.59541985,18.26717557,,,2.358778626,7.290076336,7.053435115,6.41221374,10.10687023
0.081054688,0.935058594,-0.127441406,21.0610687,6.671755725,-11.6870229,,,,0.08105469,0.017578125,0.037109375,0.00390625,-0.068359375,,,,0.93505859,0.979492188,0.933837891,0.910644531,1.006103516,,,-0.127441406,0.02734375,-0.078613281,-0.118164063,-0.035400391,,,21.0610687,24.45801527,21.54961832,20.94656489,17.35114504,,,6.671755725,8.900763359,9.27480916,6.916030534,12.30534351
0.040283203,0.971679688,-0.153808594,20.11450382,10.83969466,-11.90076336,,,,0.0402832,-0.041503906,0.033935547,0.047119141,-0.138427734,,,,0.97167969,0.920654297,0.952636719,0.978027344,0.974121094,,,-0.153808594,0.005859375,-0.107910156,-0.022460938,-0.034912109,,,20.11450382,23.6870229,22.61832061,20.59541985,16.70229008,,,10.83969466,7.58778626,8.427480916,7.740458015,17.75572519
0.010742188,0.960693359,-0.050537109,19.09923664,11.61068702,-11.58778626,,,,0.01074219,-0.0234375,0.048583984,0.0078125,-0.134277344,,,,0.96069336,0.955322266,0.948730469,0.933349609,1.016113281,,,-0.050537109,0.0390625,-0.123779297,-0.043457031,-0.050537109,,,19.09923664,23.66412214,22.70992366,20.69465649,14.85496183,,,11.61068702,4.458015267,6.183206107,6.748091603,28.21374046
0.017822266,0.976074219,-0.052001953,18.12977099,7.679389313,-11.60305344,,,,0.01782227,-0.071533203,0.014160156,0.031494141,-0.244873047,,,,0.97607422,0.931396484,0.927490234,0.977294922,0.974853516,,,-0.052001953,0.040527344,-0.219482422,-0.090576172,-0.067138672,,,18.12977099,23.76335878,21.81679389,20.05343511,11.18320611,,,7.679389313,2.900763359,4.145038168,6.938931298,33.41221374
0.004394531,0.933105469,-0.100830078,17.32824427,3.877862595,-11.57251908,,,,0.00439453,-0.022460938,0.032958984,-0.011474609,-0.27734375,,,,0.93310547,0.997070313,0.961914063,0.925537109,1.006835938,,,-0.100830078,0.048339844,-0.2109375,-0.094238281,-0.093994141,,,17.32824427,22.38931298,20.25954198,19.73282443,6.72519084,,,3.877862595,4.358778626,2.030534351,6.396946565,37.46564885
-0.004394531,0.945800781,-0.130615234,17.34351145,3.076335878,-11.59541985,,,,-0.0043945,-0.061279297,0.000732422,-0.014648438,-0.318847656,,,,0.94580078,0.951660156,0.932861328,0.982910156,0.948730469,,,-0.130615234,-0.052001953,-0.200927734,-0.078369141,-0.088134766,,,17.34351145,20.41221374,19.64122137,18.29007634,2.938931298,,,3.076335878,9.282442748,0.809160305,10.45038168,42.90076336
-0.012939453,0.956542969,-0.037841797,17.35877863,7.358778626,-11.54961832,,,,-0.0129395,-0.051513672,0.038818359,-0.059814453,-0.287841797,,,,0.95654297,0.968505859,0.956054688,0.964599609,0.948486328,,,-0.037841797,-0.040039063,-0.199707031,-0.066162109,-0.057861328,,,17.35877863,18.81679389,18.64122137,16.6259542,-2.41221374,,,7.358778626,13.63358779,5.083969466,12.44274809,51.82442748
-0.007568359,0.949951172,-0.053222656,16.95419847,14.77099237,-11.82442748,,,,-0.0075684,-0.145751953,0.008056641,-0.020507813,-0.435058594,,,,0.94995117,0.945556641,0.939208984,0.970214844,0.884765625,,,-0.053222656,-0.028076172,-0.191894531,-0.036376953,-0.145751953,,,16.95419847,17.69465649,17.96183206,15.17557252,-10.97709924,,,14.77099237,14.22137405,7.061068702,14.45038168,58.94656489
-0.064453125,0.982421875,-0.131103516,15.03816794,25.36641221,-13.67938931,,,,-0.0644531,-0.162841797,0.016601563,-0.088623047,-0.440673828,,,,0.98242188,0.995117188,0.993408203,0.933837891,0.839111328,,,-0.131103516,0.005859375,-0.179199219,-0.150878906,-0.083740234,,,15.03816794,15.36641221,16.83969466,13.84732824,-21.96183206,,,25.36641221,19.40458015,12.77862595,18.98473282,55.11450382
-0.198974609,0.971191406,-0.101074219,13.65648855,36.60305344,-11.77862595,,,,-0.1989746,-0.238037109,-0.045166016,-0.141357422,-0.330322266,,,,0.97119141,0.948486328,0.966552734,0.980712891,0.717529297,,,-0.101074219,-0.057373047,-0.187744141,-0.147216797,0.002685547,,,13.65648855,10.82442748,15.70992366,11.06870229,-28.20610687,,,36.60305344,22.23664122,20.17557252,27.67175573,48.06870229
-0.262451172,0.996826172,-0.118896484,5.229007634,48.18320611,-11.8778626,,,,-0.2624512,-0.345214844,-0.08984375,-0.289550781,-0.136474609,,,,0.99682617,0.971191406,1.010986328,0.951660156,0.640625,,,-0.118896484,-0.070800781,-0.211914063,-0.168945313,-0.069824219,,,5.229007634,6.229007634,11.89312977,5.488549618,-36.94656489,,,48.18320611,27.97709924,30.05343511,39.50381679,50.03053435
-0.425292969,0.961425781,-0.19921875,-4.755725191,51.35114504,-11.85496183,,,,-0.425293,-0.396484375,-0.245361328,-0.397705078,-0.075927734,,,,0.96142578,0.952392578,0.958740234,0.953369141,0.524902344,,,-0.19921875,0.021484375,-0.260986328,-0.133544922,0.066894531,,,-4.755725191,1.34351145,6.351145038,-2.099236641,-34.47328244,,,51.35114504,32.47328244,41.33587786,43.96946565,57.1221374
-0.499511719,0.892822266,-0.195800781,-16.8778626,48.48091603,-11.54198473,,,,-0.4995117,-0.383300781,-0.360351563,-0.420654297,-0.061035156,,,,0.89282227,0.921630859,1.030273438,0.90625,0.402832031,,,-0.195800781,0.014160156,-0.279785156,-0.131347656,0.191162109,,,-16.8778626,-2.13740458,-3.106870229,-8.633587786,-36.64122137,,,48.48091603,36.47328244,55.19847328,43.83969466,44.80152672
-0.544433594,0.941650391,-0.221191406,-27.48091603,48.16793893,-11.95419847,,,,-0.5444336,-0.409179688,-0.564208984,-0.406005859,0.177978516,,,,0.94165039,0.872314453,0.998046875,0.883300781,0.260498047,,,-0.221191406,-0.024902344,-0.277587891,-0.084228516,0.265869141,,,-27.48091603,-11.34351145,-12.02290076,-15.00763359,-37.84732824,,,48.16793893,41.34351145,60.14503817,48.13740458,17.95419847
-0.458496094,0.71484375,-0.145019531,-34.88549618,52.04580153,-11.70229008,,,,-0.4584961,-0.406005859,-0.543945313,-0.406738281,0.340332031,,,,0.71484375,0.836914063,0.955566406,0.812011719,0.029052734,,,-0.145019531,-0.003417969,-0.245605469,-0.101806641,0.203369141,,,-34.88549618,-18.73282443,-23.36641221,-22.04580153,-35.38167939,,,52.04580153,46.01526718,60.30534351,51.19083969,2.72519084
-0.452636719,0.669433594,-0.102539063,-43.73282443,61.95419847,-9.801526718,,,,-0.4526367,-0.359130859,-0.564208984,-0.34765625,0.396484375,,,,0.66943359,0.738769531,0.842041016,0.774902344,-0.110595703,,,-0.102539063,-0.011962891,-0.225585938,-0.074462891,0.242675781,,,-43.73282443,-24.73282443,-32.24427481,-27.45038168,-26.90839695,,,61.95419847,44.48854962,62.80916031,54.7480916,0.435114504
-0.350585938,0.583984375,0.014892578,-53.15267176,59.87022901,-11.75572519,,,,-0.3505859,-0.231933594,-0.485351563,-0.284667969,0.629882813,,,,0.58398438,0.648925781,0.839599609,0.673339844,-0.402587891,,,0.014892578,0.129150391,-0.192138672,0.008300781,0.296142578,,,-53.15267176,-27.55725191,-41.12977099,-35.6259542,-9.72519084,,,59.87022901,38.52671756,74.89312977,55.77099237,-2.389312977
-0.232666016,0.357421875,0.528564453,-44.67175573,37.8778626,-11.80152672,,,,-0.232666,-0.15234375,-0.421630859,-0.104980469,0.812255859,,,,0.35742188,0.515136719,0.670898438,0.666259766,-0.550537109,,,0.528564453,0.086425781,-0.099365234,-0.078857422,0.237060547,,,-44.67175573,-29.02290076,-48.86259542,-35.71755725,10.51908397,,,37.8778626,36.09923664,75.29007634,44.36641221,22.76335878
0.012695313,0.255615234,0.183349609,-56.5648855,22.73282443,-12.02290076,,,,0.01269531,-0.057373047,-0.250732422,0.043945313,0.892089844,,,,0.25561523,0.412597656,0.627197266,0.444335938,-0.550048828,,,0.183349609,0.093505859,-0.077880859,0.095947266,0.272705078,,,-56.5648855,-31.54198473,-57.59541985,-35.67938931,20.02290076,,,22.73282443,40.87022901,70.9389313,35.14503817,30.45801527
0.235595703,-0.013427734,0.146972656,-42.44274809,11.79389313,-11.48854962,,,,0.2355957,0.036376953,-0.130615234,0.159667969,1.055664063,,,,-0.0134277,0.278320313,0.469970703,0.332763672,-0.555908203,,,0.146972656,0.182617188,0.041992188,0.092285156,0.319580078,,,-42.44274809,-33.53435115,-59.51908397,-37.38931298,21.82442748,,,11.79389313,30.22900763,66.29770992,39.60305344,32.70992366
0.503662109,-0.104003906,0.240722656,-33.1221374,2.053435115,-9.778625954,,,,0.50366211,0.243408203,-0.027832031,0.245605469,1.207275391,,,,-0.1040039,0.136474609,0.344726563,0.279296875,-0.492675781,,,0.240722656,0.313232422,0.106689453,0.125976563,0.217773438,,,-33.1221374,-32.25954198,-61.72519084,-41.66412214,20.18320611,,,2.053435115,11.32061069,62.77099237,56.98473282,40.01526718
0.707763672,-0.257080078,0.363769531,-18.22900763,-4.824427481,-11.51908397,,,,0.70776367,0.366943359,0.181640625,0.340820313,1.366699219,,,,-0.2570801,-0.018798828,0.193359375,0.103027344,-0.689453125,,,0.363769531,0.194335938,0.181152344,0.216308594,0.325439453,,,-18.22900763,-29.47328244,-60.72519084,-41.63358779,24.90076336,,,-4.824427481,1.015267176,51.12977099,32.51145038,52.70992366
1.002685547,-0.370605469,0.370849609,-8.167938931,-14.70992366,-11.77862595,,,,1.00268555,0.526367188,0.303710938,0.574462891,1.401611328,,,,-0.3706055,-0.312744141,0.009521484,-0.092041016,-0.827148438,,,0.370849609,0.248779297,0.217285156,0.352050781,0.270019531,,,-8.167938931,-11.65648855,-55.99236641,-38.86259542,34.61068702,,,-14.70992366,-1.27480916,41.30534351,1.824427481,75.09160305
1.293701172,-0.469726563,0.28125,6.175572519,-6.06870229,-11.57251908,,,,1.29370117,0.645751953,0.4921875,0.831298828,1.522705078,,,,-0.4697266,-0.48828125,-0.156005859,-0.229248047,-0.698242188,,,0.28125,0.231445313,0.195800781,0.244384766,0.393310547,,,6.175572519,-2.038167939,-51.08396947,-26.73282443,38.80916031,,,-6.06870229,7.442748092,51.5648855,0.045801527,81.63358779
1.437744141,-0.484863281,0.226074219,27.03053435,49.98473282,-13.61068702,,,,1.43774414,0.836181641,0.588867188,0.853271484,1.677001953,,,,-0.4848633,-0.700683594,-0.37890625,-0.413818359,-0.619628906,,,0.226074219,0.268798828,0.314697266,0.252441406,0.450683594,,,27.03053435,16.90076336,-41.26717557,-13.48091603,38.1221374,,,49.98473282,17.80916031,48.18320611,22.59541985,78.80916031
1.458740234,-0.352539063,0.214355469,30.11450382,83.13740458,-11.58778626,,,,1.45874023,0.982177734,0.800537109,0.999023438,1.718505859,,,,-0.3525391,-0.826904297,-0.515869141,-0.448486328,-0.766357422,,,0.214355469,0.28515625,0.389892578,0.388671875,0.619628906,,,30.11450382,28.72519084,-32.45801527,-0.885496183,42.08396947,,,83.13740458,15.64885496,25.51145038,16.50381679,53.22900763
1.35546875,-0.273681641,0.263427734,23.48091603,102.7175573,-11.5648855,,,,1.35546875,1.175048828,1.126220703,1.217773438,1.787841797,,,,-0.2736816,-0.734375,-0.589111328,-0.519775391,-0.884521484,,,0.263427734,0.332275391,0.523193359,0.423339844,0.426269531,,,23.48091603,38.15267176,-21.63358779,8.801526718,53.36641221,,,102.7175573,36.96946565,-0.129770992,16.35114504,30.89312977
1.212402344,-0.322265625,0.357666016,14.40458015,98.16030534,-11.65648855,,,,1.21240234,1.288085938,1.454345703,1.442871094,1.734863281,,,,-0.3222656,-0.673095703,-0.697265625,-0.5859375,-0.777099609,,,0.357666016,0.317138672,0.350097656,0.314941406,0.417236328,,,14.40458015,40.94656489,-7.465648855,17.98473282,66.77099237,,,98.16030534,70.79389313,14.86259542,27.83206107,38.25954198
1.121826172,-0.380859375,0.288574219,10.03053435,80.36641221,-11.90076336,,,,1.12182617,1.327392578,1.563232422,1.516601563,1.656982422,,,,-0.3808594,-0.684570313,-0.662841797,-0.524414063,-0.63671875,,,0.288574219,0.306396484,0.336181641,0.310546875,0.308349609,,,10.03053435,35.24427481,10.82442748,26.85496183,72.67175573,,,80.36641221,86.2519084,68.95419847,54.8778626,41.22900763
1.197265625,-0.385253906,0.355224609,8.297709924,57.95419847,-13.67175573,,,,1.19726563,1.359863281,1.614501953,1.524902344,1.453125,,,,-0.3852539,-0.855957031,-0.574707031,-0.486083984,-0.538574219,,,0.355224609,0.376220703,0.387207031,0.263671875,0.347412109,,,8.297709924,37.04580153,20.0610687,34.21374046,67.50381679,,,57.95419847,80.00763359,106.4732824,84.41221374,37.34351145
1.318359375,-0.484130859,0.425537109,9.496183206,50.70229008,-11.70229008,,,,1.31835938,1.437011719,1.485351563,1.433837891,1.258789063,,,,-0.4841309,-0.916015625,-0.447753906,-0.412353516,-0.443847656,,,0.425537109,0.487060547,0.4140625,0.350341797,0.396972656,,,9.496183206,43.88549618,19.76335878,34.51145038,58.18320611,,,50.70229008,65.6259542,132.9847328,96,16.91603053
1.381103516,-0.557373047,0.447998047,15.85496183,50.54198473,-11.52671756,,,,1.38110352,1.780273438,1.473632813,1.342529297,1.257080078,,,,-0.557373,-0.935302734,-0.4375,-0.342041016,-0.44140625,,,0.447998047,0.5078125,0.455078125,0.464355469,0.303710938,,,15.85496183,47.01526718,16.96183206,28.58015267,46,,,50.54198473,36.90076336,132.740458,87.40458015,-13.5648855
1.49609375,-0.526367188,0.453125,24.80916031,51.38931298,-11.35114504,,,,1.49609375,1.992431641,1.313964844,1.434570313,1.197021484,,,,-0.5263672,-0.965087891,-0.544677734,-0.453369141,-0.472900391,,,0.453125,0.636962891,0.525390625,0.431640625,0.371582031,,,24.80916031,50.67938931,18.90076336,26.25954198,34.06870229,,,51.38931298,21.79389313,107.9694656,67.9389313,-32.18320611
1.483398438,-0.575439453,0.511962891,33.61832061,41.40458015,-11.90839695,,,,1.48339844,1.999938965,1.295898438,1.431396484,1.263916016,,,,-0.5754395,-0.934570313,-0.631347656,-0.535400391,-0.410644531,,,0.511962891,0.435058594,0.615722656,0.490234375,0.314941406,,,33.61832061,55.19847328,26.6259542,27.25954198,25.67175573,,,41.40458015,19.3740458,63.27480916,43.45801527,-48.03053435
1.446777344,-0.620849609,0.439941406,40.36641221,22.96946565,-11.42748092,,,,1.44677734,1.877685547,1.425537109,1.573242188,1.395507813,,,,-0.6208496,-0.904785156,-0.649902344,-0.596923828,-0.4453125,,,0.439941406,0.444580078,0.646484375,0.559570313,0.426513672,,,40.36641221,58.38167939,34.3740458,29.57251908,22.21374046,,,22.96946565,31.48091603,27.85496183,23.18320611,-53.87022901
1.516601563,-0.5703125,0.396240234,45.03816794,4.839694656,-11.61068702,,,,1.51660156,1.666992188,1.528564453,1.7109375,1.371826172,,,,-0.5703125,-0.784912109,-0.689697266,-0.651123047,-0.534667969,,,0.396240234,0.386962891,0.565185547,0.497558594,0.497802734,,,45.03816794,56.36641221,40.52671756,37.28244275,20.60305344,,,4.839694656,29.45038168,2.801526718,3.305343511,-52.93129771
1.523925781,-0.497802734,0.387451172,45.69465649,-3.496183206,-11.4351145,,,,1.52392578,1.601318359,1.6640625,1.768310547,1.328369141,,,,-0.4978027,-0.588134766,-0.673828125,-0.568115234,-0.604248047,,,0.387451172,0.3671875,0.509765625,0.356445313,0.544677734,,,45.69465649,48.70992366,46.11450382,45.2519084,27.83206107,,,-3.496183206,26.32824427,-9.458015267,-3.450381679,-50.49618321
1.461669922,-0.420410156,0.324707031,41.80916031,-3.877862595,-11.82442748,,,,1.46166992,1.447998047,1.639648438,1.763427734,1.334716797,,,,-0.4204102,-0.572753906,-0.634277344,-0.483642578,-0.539550781,,,0.324707031,0.362304688,0.426269531,0.420898438,0.540771484,,,41.80916031,37.92366412,51.0610687,47,37.01526718,,,-3.877862595,14.45801527,-2.770992366,7.282442748,-57.95419847
1.45703125,-0.31640625,0.342285156,35.44274809,-5.259541985,-11.41221374,,,,1.45703125,1.377197266,1.577636719,1.621337891,1.29296875,,,,-0.3164063,-0.587158203,-0.545166016,-0.485107422,-0.496582031,,,0.342285156,0.377197266,0.539306641,0.377929688,0.481201172,,,35.44274809,33.64122137,47.83969466,41.18320611,45.2519084,,,-5.259541985,1.480916031,-0.687022901,-1.190839695,-67.4351145
1.323486328,-0.329345703,0.427978516,30.3129771,-11.48091603,-11.91603053,,,,1.32348633,1.294433594,1.577392578,1.545410156,1.205810547,,,,-0.3293457,-0.547363281,-0.495117188,-0.493408203,-0.429931641,,,0.427978516,0.466064453,0.595458984,0.475097656,0.63671875,,,30.3129771,30.30534351,44.59541985,36.13740458,51.48091603,,,-11.48091603,-16.71755725,-6.702290076,-11.53435115,-72.83206107
1.349365234,-0.415283203,0.403808594,30.36641221,-24.36641221,-11.89312977,,,,1.34936523,1.093994141,1.504882813,1.505371094,1.197509766,,,,-0.4152832,-0.588867188,-0.541259766,-0.468505859,-0.393310547,,,0.403808594,0.540527344,0.560546875,0.540527344,0.570800781,,,30.36641221,29.72519084,42.49618321,34.8778626,58.35114504,,,-24.36641221,-45.75572519,-20.16030534,-24.70992366,-73.39694656
1.365722656,-0.406738281,0.3984375,33.41221374,-36.51908397,-13.67938931,,,,1.36572266,1.219970703,1.405517578,1.390380859,0.970458984,,,,-0.4067383,-0.590820313,-0.61328125,-0.52734375,-0.368164063,,,0.3984375,0.429443359,0.55078125,0.537841797,0.457275391,,,33.41221374,31.29007634,46.01526718,40.86259542,70.19847328,,,-36.51908397,-58.19847328,-41.19847328,-44.83969466,-73.44274809
1.370605469,-0.442138672,0.433105469,38.55725191,-42.0610687,-11.55725191,,,,1.37060547,1.160644531,1.354003906,1.360351563,0.749267578,,,,-0.4421387,-0.582763672,-0.635009766,-0.522705078,-0.373046875,,,0.433105469,0.571533203,0.570556641,0.495605469,0.523925781,,,38.55725191,38.2519084,50.15267176,45.76335878,80.16793893,,,-42.0610687,-64.09923664,-60.6259542,-59.33587786,-78.53435115
1.327392578,-0.4140625,0.425537109,42.76335878,-50.40458015,-11.93129771,,,,1.32739258,1.141113281,1.253662109,1.314697266,0.642578125,,,,-0.4140625,-0.552490234,-0.623046875,-0.485839844,-0.339111328,,,0.425537109,0.540771484,0.641845703,0.579101563,0.374267578,,,42.76335878,46.64885496,58.05343511,49.19083969,92.48091603,,,-50.40458015,-55.38931298,-76.83206107,-80.51145038,-84.66412214
1.389648438,-0.469726563,0.510742188,43.64885496,-65.77862595,-11.6259542,,,,1.38964844,1.11328125,1.249267578,1.298339844,0.467041016,,,,-0.4697266,-0.469726563,-0.523193359,-0.527099609,-0.239257813,,,0.510742188,0.543457031,0.653808594,0.481689453,0.314453125,,,43.64885496,57.76335878,66.1221374,54.84732824,104.8015267,,,-65.77862595,-44.69465649,-72.3740458,-81.85496183,-74.26717557
1.442382813,-0.605224609,0.49609375,48.71755725,-79.5648855,-11.67175573,,,,1.44238281,0.973876953,1.106201172,1.185302734,0.185546875,,,,-0.6052246,-0.44921875,-0.471679688,-0.43359375,-0.152832031,,,0.49609375,0.446044922,0.584228516,0.466064453,0.1171875,,,48.71755725,70.53435115,74.42748092,63.91603053,117.3740458,,,-79.5648855,-29.76335878,-69.36641221,-75.87022901,-47.90839695
1.394042969,-0.614990234,0.43359375,58.2519084,-83.63358779,-9.778625954,,,,1.39404297,0.853271484,0.938232422,1.022705078,-0.079101563,,,,-0.6149902,-0.383544922,-0.440429688,-0.388671875,0.100097656,,,0.43359375,0.536132813,0.656738281,0.521484375,0.105712891,,,58.2519084,82.85496183,83.4351145,75.77862595,132,,,-83.63358779,-23.77862595,-63.36641221,-68.22900763,-28.29007634
1.399658203,-0.504882813,0.482910156,64.87022901,-82.45801527,-12.03053435,,,,1.3996582,0.726806641,0.739746094,0.771728516,-0.281494141,,,,-0.5048828,-0.321044922,-0.516601563,-0.362304688,0.350097656,,,0.482910156,0.396728516,0.551025391,0.529785156,-0.135742188,,,64.87022901,94.40458015,98.46564885,88.25954198,134.1908397,,,-82.45801527,-24.77862595,-67.89312977,-67.77862595,-20.40458015
1.191650391,-0.45703125,0.471679688,69.67938931,-65.42748092,-11.77862595,,,,1.19165039,0.471679688,0.444335938,0.625732422,-0.519287109,,,,-0.4570313,-0.261962891,-0.4765625,-0.28515625,0.561767578,,,0.471679688,0.474853516,0.411865234,0.42578125,-0.110595703,,,69.67938931,105.2061069,113.2290076,99.15267176,125.519084,,,-65.42748092,-34.74045802,-73.53435115,-77.77862595,-27.50381679
0.822509766,-0.417236328,0.395996094,77.86259542,-43.32824427,-11.51145038,,,,0.82250977,0.389648438,0.270019531,0.422119141,-0.730224609,,,,-0.4172363,-0.11328125,-0.285888672,-0.205078125,0.806396484,,,0.395996094,0.416992188,0.442871094,0.331298828,-0.26953125,,,77.86259542,113.4503817,125.1679389,106.5114504,111.610687,,,-43.32824427,-45.10687023,-79.09160305,-83.85496183,-48.50381679
0.491943359,-0.260742188,0.349121094,87.39694656,-29.39694656,-11.7480916,,,,0.49194336,0.209472656,0.097900391,0.256835938,-0.830322266,,,,-0.2607422,0.001953125,-0.065185547,-0.118164063,0.963378906,,,0.349121094,0.302246094,0.354492188,0.19921875,-0.407226563,,,87.39694656,125.2748092,135.8625954,120.1145038,92.08396947,,,-29.39694656,-54.94656489,-75.06870229,-74.98473282,-77.14503817
0.140625,-0.160888672,0.298339844,99.87022901,-22.1221374,-11.73282443,,,,0.140625,0.028076172,-0.142578125,0.2109375,-0.796386719,,,,-0.1608887,0.163574219,0.1953125,0.054931641,1.066162109,,,0.298339844,0.322753906,0.167480469,0.196533203,-0.492431641,,,99.87022901,131.8625954,140.4427481,129.129771,68,,,-22.1221374,-73.21374046,-83.13740458,-58.03053435,-96.65648855
-0.129394531,-0.033691406,0.134277344,112.4885496,-18.80152672,-11.8778626,,,,-0.1293945,-0.029541016,-0.246826172,-0.115234375,-0.624023438,,,,-0.0336914,0.383789063,0.447265625,0.1953125,1.013183594,,,0.134277344,0.130371094,0.048583984,0.060546875,-0.464111328,,,112.4885496,133.0534351,135.5038168,137.9770992,47.06870229,,,-18.80152672,-80.48854962,-99.35114504,-42.7480916,-84.67938931
-0.356689453,0.212158203,0.101074219,118.3587786,-41.11450382,-11.48091603,,,,-0.3566895,-0.087158203,-0.298339844,-0.261474609,-0.53125,,,,0.2121582,0.522949219,0.615234375,0.40625,1.03125,,,0.101074219,0.115966797,0.029541016,0.002441406,-0.474853516,,,118.3587786,129.4503817,128.6870229,140.0534351,35.58015267,,,-41.11450382,-80.48091603,-95.2519084,-43.3129771,-59.65648855
-0.481933594,0.392578125,-0.020751953,114.0534351,-75.72519084,-11.77099237,,,,-0.4819336,-0.212158203,-0.324462891,-0.365234375,-0.480712891,,,,0.39257813,0.566650391,0.689941406,0.54296875,1.065429688,,,-0.020751953,0.067382813,-0.166503906,-0.056640625,-0.382568359,,,114.0534351,123.1755725,119.0839695,134.5648855,29.29770992,,,-75.72519084,-80.00763359,-87.98473282,-46.14503817,-30.18320611
-0.515869141,0.631103516,-0.0390625,103.0534351,-96.22137405,-11.59541985,,,,-0.5158691,-0.255371094,-0.474365234,-0.518798828,-0.502685547,,,,0.63110352,0.704833984,0.811035156,0.657714844,1.139648438,,,-0.0390625,-0.125,-0.257324219,-0.32421875,-0.421875,,,103.0534351,116.4351145,104.3435115,122.870229,17.32061069,,,-96.22137405,-71.64885496,-73.12977099,-54.63358779,-7.557251908
-0.344238281,0.736816406,-0.130859375,89.60305344,-93.03816794,-9.809160305,,,,-0.3442383,-0.459960938,-0.627197266,-0.697021484,-0.555175781,,,,0.73681641,0.796630859,0.925292969,0.782714844,1.032470703,,,-0.130859375,0.086181641,-0.291259766,-0.327148438,-0.31640625,,,89.60305344,102.9694656,90.16030534,103.9923664,10.22900763,,,-93.03816794,-63.29007634,-79.3740458,-72.72519084,-10.64122137
-0.370605469,0.791748047,-0.301269531,79.65648855,-64.58015267,-13.61832061,,,,-0.3706055,-0.499755859,-0.541015625,-0.779052734,-0.486328125,,,,0.79174805,0.851318359,0.975585938,0.907226563,0.994384766,,,-0.301269531,-0.304443359,-0.487060547,-0.566894531,-0.268554688,,,79.65648855,94.32061069,73.33587786,79.12977099,6.389312977,,,-64.58015267,-56.79389313,-76.79389313,-98.28244275,-22.94656489
-0.457275391,0.882080078,-0.221191406,67.03816794,-51.96946565,-11.87022901,,,,-0.4572754,-0.681396484,-0.501953125,-0.784179688,-0.295166016,,,,0.88208008,0.966552734,1.03125,0.720703125,1.020019531,,,-0.221191406,-0.266601563,-0.420898438,-0.504150391,-0.3125,,,67.03816794,76.77862595,57.38167939,62.82442748,4.267175573,,,-51.96946565,-52.42748092,-61.48854962,-118.4351145,-23.83206107
-0.449462891,0.911621094,-0.319824219,54.75572519,-43.71755725,-11.83206107,,,,-0.4494629,-0.794921875,-0.505859375,-0.588134766,-0.102294922,,,,0.91162109,0.959960938,0.983642578,1.087646484,0.990966797,,,-0.319824219,-0.424804688,-0.510498047,-0.564697266,-0.262207031,,,54.75572519,62.65648855,44.96946565,41.41984733,5.389312977,,,-43.71755725,-56.66412214,-40.35114504,-98.63358779,-16.26717557
-0.510253906,0.920654297,-0.375244141,43.51908397,-32.09160305,-11.49618321,,,,-0.5102539,-0.830810547,-0.554199219,-0.444824219,-0.099609375,,,,0.9206543,0.99609375,1.012207031,0.964599609,0.977050781,,,-0.375244141,-0.473144531,-0.381835938,-0.486328125,-0.128417969,,,43.51908397,50.76335878,31.35877863,27.35114504,8.847328244,,,-32.09160305,-61.25954198,-34.16030534,-52.16793893,-3.770992366
-0.520996094,1.005371094,-0.359130859,33.86259542,-27.54198473,-13.61068702,,,,-0.5209961,-0.687011719,-0.456298828,-0.571289063,0.039550781,,,,1.00537109,1.038574219,1.032226563,0.961181641,0.980224609,,,-0.359130859,-0.464599609,-0.379394531,-0.496337891,-0.212646484,,,33.86259542,36.60305344,19.76335878,10.23664122,11.58778626,,,-27.54198473,-57.77862595,-26.83206107,-12.83206107,8.541984733
-0.564208984,1.010742188,-0.319580078,25.99236641,-27.72519084,-11.45801527,,,,-0.564209,-0.601806641,-0.395263672,-0.572998047,0.000244141,,,,1.01074219,1.007080078,0.960449219,0.977294922,0.923828125,,,-0.319580078,-0.464599609,-0.403808594,-0.360351563,-0.169921875,,,25.99236641,22.99236641,13.70229008,2.358778626,14.55725191,,,-27.72519084,-43.05343511,-11.19083969,-1.709923664,2.06870229
-0.496337891,1.042480469,-0.194091797,18.44274809,-17.44274809,-11.54198473,,,,-0.4963379,-0.512207031,-0.304443359,-0.561279297,0.099365234,,,,1.04248047,1.013183594,0.979980469,0.936035156,0.942626953,,,-0.194091797,-0.337646484,-0.319580078,-0.422363281,-0.077148438,,,18.44274809,11.87022901,8.267175573,-2.34351145,18.07633588,,,-17.44274809,-27.32824427,6.320610687,2.022900763,-1.190839695
-0.329101563,0.991943359,-0.263916016,13.24427481,-1,-11.90076336,,,,-0.3291016,-0.437011719,-0.291748047,-0.590820313,0.219726563,,,,0.99194336,0.972900391,0.922363281,0.986328125,0.958496094,,,-0.263916016,-0.334716797,-0.276123047,-0.279785156,-0.075439453,,,13.24427481,3.435114504,4.473282443,-7.893129771,20.66412214,,,-1,-14.0610687,5.389312977,-7.259541985,1.053435115
-0.423095703,0.983154297,-0.298583984,9.244274809,14.58015267,-11.55725191,,,,-0.4230957,-0.357421875,-0.270019531,-0.379394531,0.276123047,,,,0.9831543,0.953125,0.929931641,0.991699219,0.868652344,,,-0.298583984,-0.236816406,-0.267333984,-0.231201172,-0.0625,,,9.244274809,-0.534351145,3.366412214,-9.893129771,24.69465649,,,14.58015267,-3.732824427,-12.74045802,-26.52671756,6.557251908
-0.426513672,1.016113281,-0.148925781,5.351145038,5.824427481,-11.70992366,,,,-0.4265137,-0.252929688,-0.109375,-0.268310547,0.260253906,,,,1.01611328,0.98828125,0.990234375,0.969726563,0.946289063,,,-0.148925781,-0.236572266,-0.15234375,-0.208007813,-0.020019531,,,5.351145038,-1.603053435,1.65648855,-9.122137405,29.24427481,,,5.824427481,-0.251908397,-19.95419847,-29.73282443,11.83969466
-0.314453125,0.954833984,-0.098876953,5.79389313,-9.625954198,-11.6870229,,,,-0.3144531,-0.123535156,0.027587891,-0.037109375,0.294433594,,,,0.95483398,0.898193359,0.932128906,1.005371094,0.910888672,,,-0.098876953,-0.202636719,-0.211669922,-0.167480469,-0.119384766,,,5.79389313,0.358778626,2.465648855,-6.580152672,32.80916031,,,-9.625954198,3.076335878,-20.20610687,-19.90839695,22.41221374
-0.260498047,0.937011719,-0.08984375,5.473282443,-21.34351145,-11.40458015,,,,-0.260498,-0.147460938,0.131103516,0.098388672,0.112548828,,,,0.93701172,0.954101563,0.957275391,0.991943359,0.875,,,-0.08984375,-0.073486328,-0.064697266,-0.165039063,-0.0625,,,5.473282443,2.946564885,4.816793893,-1.465648855,34.19847328,,,-21.34351145,-11.82442748,-8.870229008,-0.503816794,23.57251908
-0.01953125,1.006347656,-0.090820313,6.801526718,-16.75572519,-11.73282443,,,,-0.0195313,0.073730469,0.228027344,0.041015625,0.154541016,,,,1.00634766,0.907226563,0.976318359,0.964599609,0.914306641,,,-0.090820313,-0.064941406,-0.108886719,-0.112060547,-0.105957031,,,6.801526718,6.801526718,9.015267176,4.198473282,34.22900763,,,-16.75572519,0.893129771,11.32824427,13.38167939,11.87022901
0.016357422,0.955566406,-0.023681641,7.954198473,-2.183206107,-11.67175573,,,,0.01635742,0.104492188,0.183837891,0.070800781,0.107910156,,,,0.95556641,0.948730469,0.913574219,0.991455078,0.893798828,,,-0.023681641,-0.085449219,0.026123047,-0.033691406,-0.114257813,,,7.954198473,10.03816794,14.19083969,8.572519084,34.2519084,,,-2.183206107,7.458015267,22.58015267,18.24427481,2.633587786
0.079589844,0.905273438,-0.072265625,11.27480916,7.717557252,-11.6259542,,,,0.07958984,0.051513672,0.150390625,0.053222656,0.125488281,,,,0.90527344,0.935058594,0.944335938,0.946777344,0.882568359,,,-0.072265625,-0.030761719,-0.084960938,-0.0078125,-0.074462891,,,11.27480916,13.22137405,17.13740458,13.57251908,34.14503817,,,7.717557252,17.90839695,22.64885496,13.0610687,-4.778625954
0.052001953,0.955078125,-0.022460938,14.76335878,9.870229008,-11.5648855,,,,0.05200195,0.063232422,0.102050781,0.114257813,,,,,0.95507813,0.927734375,0.934326172,0.91015625,,,,-0.022460938,-0.060302734,-0.033203125,-0.087402344,,,,14.76335878,15.98473282,17.61068702,17.00763359,,,,9.870229008,19.18320611,16.83969466,11.28244275,
0.084960938,0.920654297,0.003173828,17.03816794,12.40458015,-11.66412214,,,,0.08496094,0.024658203,0.124267578,0.033203125,,,,,0.9206543,0.934814453,0.922119141,0.949462891,,,,0.003173828,-0.083496094,-0.011230469,-0.026855469,,,,17.03816794,18.9389313,21.41221374,21.7480916,,,,12.40458015,13.41221374,10.99236641,10.10687023,
0.126464844,0.912597656,-0.063720703,19.17557252,11.53435115,-11.77862595,,,,0.12646484,0.021728516,0.157714844,0.065917969,,,,,0.91259766,0.900390625,0.942871094,0.892089844,,,,-0.063720703,-0.111572266,-0.108154297,-0.0703125,,,,19.17557252,21.09923664,22.55725191,22.36641221,,,,11.53435115,6.755725191,8.389312977,5.977099237,
0.095458984,0.956298828,-0.016113281,20.16793893,4.854961832,-9.79389313,,,,0.09545898,0.046142578,0.188232422,0.100585938,,,,,0.95629883,0.968505859,0.94921875,0.947021484,,,,-0.016113281,-0.007324219,-0.059814453,-0.004638672,,,,20.16793893,21.73282443,24.10687023,24.77099237,,,,4.854961832,6.923664122,10.77862595,9.732824427,
0.100830078,0.940917969,0.000488281,19.58015267,10.02290076,-11.84732824,,,,0.10083008,0.056884766,0.122314453,0.159423828,,,,,0.94091797,0.957519531,0.92578125,0.936523438,,,,0.000488281,-0.000244141,-0.137451172,-0.063232422,,,,19.58015267,21.45801527,25.52671756,27.30534351,,,,10.02290076,7.992366412,12.3129771,9.786259542,
0.110595703,0.923339844,-0.093994141,22.41221374,12.55725191,-11.8778626,,,,0.1105957,0.060546875,0.065429688,0.04296875,,,,,0.92333984,0.916748047,0.965332031,0.916259766,,,,-0.093994141,-0.067871094,-0.043945313,-0.041992188,,,,22.41221374,18.80916031,24.69465649,30.12977099,,,,12.55725191,5.938931298,8.442748092,11.91603053,
0.114013672,0.950195313,-0.073730469,22.32061069,8.938931298,-11.74045802,,,,0.11401367,0.042480469,0.088623047,0.080078125,,,,,0.95019531,0.913818359,0.976806641,0.938476563,,,,-0.073730469,-0.103515625,-0.085693359,-0.034912109,,,,22.32061069,19.32824427,24.66412214,29.78625954,,,,8.938931298,4.564885496,1.160305344,9.404580153,
0.037109375,0.897705078,-0.026611328,21.98473282,3.099236641,-11.83206107,,,,0.03710938,0.022949219,0.054199219,0.041015625,,,,,0.89770508,0.9765625,0.92578125,0.914794922,,,,-0.026611328,-0.116210938,-0.168701172,-0.134765625,,,,21.98473282,20.35114504,23.51908397,28.16793893,,,,3.099236641,4.13740458,-6.541984733,8.015267176,
0.0859375,0.965820313,-0.110107422,21.3129771,-1.236641221,-11.80152672,,,,0.0859375,0.041015625,0.056396484,-0.028076172,,,,,0.96582031,0.901367188,0.951171875,0.925048828,,,,-0.110107422,-0.040527344,-0.096923828,-0.162353516,,,,21.3129771,20.7480916,22.36641221,26.67175573,,,,-1.236641221,9.083969466,-7.755725191,3.122137405,
0.050048828,0.943359375,-0.123779297,20.12977099,-2.816793893,-11.48091603,,,,0.05004883,,0.133544922,0.003417969,,,,,0.94335938,,0.989501953,0.968505859,,,,-0.123779297,,-0.102539063,-0.128417969,,,,20.12977099,,20.6259542,25.0610687,,,,-2.816793893,,-1.213740458,0.290076336,
0.056640625,0.929199219,-0.077880859,19.3129771,-3.702290076,-9.778625954,,,,0.05664063,,0.060058594,-0.030761719,,,,,0.92919922,,0.966064453,0.963623047,,,,-0.077880859,,-0.107666016,-0.09765625,,,,19.3129771,,18.96183206,22.98473282,,,,-3.702290076,,6.458015267,-5.564885496,
0.1015625,0.96484375,-0.034179688,17.73282443,-0.770992366,-11.57251908,,,,0.1015625,,0.03125,0.013671875,,,,,0.96484375,,0.946777344,0.952636719,,,,-0.034179688,,-0.110107422,-0.146972656,,,,17.73282443,,16.95419847,21.00763359,,,,-0.770992366,,6.335877863,-10.7480916,
0.069580078,0.918945313,-0.142822266,16.61832061,1.458015267,-11.88549618,,,,0.06958008,,-0.013671875,0.048828125,,,,,0.91894531,,0.939697266,0.959472656,,,,-0.142822266,,-0.085205078,-0.160400391,,,,16.61832061,,16.79389313,19.35114504,,,,1.458015267,,3.702290076,-10.76335878,
0.000244141,0.952636719,-0.071777344,15.17557252,2.06870229,-11.81679389,,,,0.00024414,,,0.032226563,,,,,0.95263672,,,0.946044922,,,,-0.071777344,,,-0.122314453,,,,15.17557252,,,19.35877863,,,,2.06870229,,,-6.801526718,
0.027832031,0.966796875,-0.057861328,14.09923664,0.312977099,-11.76335878,,,,0.02783203,,,0.04296875,,,,,0.96679688,,,0.918457031,,,,-0.057861328,,,-0.117431641,,,,14.09923664,,,20.32061069,,,,0.312977099,,,-2.786259542,
0,0.911132813,-0.131347656,13.96946565,-1.870229008,-11.64885496,,,,0,,,0.075683594,,,,,0.91113281,,,0.955322266,,,,-0.131347656,,,-0.171142578,,,,13.96946565,,,21.38931298,,,,-1.870229008,,,3.511450382,
0.014160156,0.943847656,-0.037109375,15.08396947,-3.564885496,-11.72519084,,,,0.01416016,,,0.025878906,,,,,0.94384766,,,0.951904297,,,,-0.037109375,,,-0.129882813,,,,15.08396947,,,21.80916031,,,,-3.564885496,,,8.282442748,
0.037109375,0.948730469,-0.048583984,15.75572519,0.160305344,-11.73282443,,,,0.03710938,,,-0.049560547,,,,,0.94873047,,,0.931640625,,,,-0.048583984,,,-0.176025391,,,,15.75572519,,,22.11450382,,,,0.160305344,,,6.083969466,
,,,,,,,,,,,,,,,,,,,,,,,,,,,,,,,,,,,,,,,,,,
,,,,,,,,,,,,,,,,,,,,,,,,,,,,,,,,,,,,,,,,,,
0.004882813,0.986572266,0.109375,30.24427481,-2.79389313,-11.51908397,,,,,,,,,,,,,,,,,,,,,,,,,,,,,,,,,,,,,
0.017089844,0.980224609,0.084228516,29.64885496,5.442748092,-11.45038168,,,,,,,,,,,,,,,,,,,,,,,,,,,,,,,,,,,,,
-0.037597656,0.942138672,0.102783203,28.54198473,4.183206107,-12.12977099,,,,,,,,,,,,,,,,,,,,,,,,,,,,,,,,,,,,,
-0.005859375,0.979248047,0.085205078,26.3129771,4.938931298,-11.84732824,,,,,,,,,,,,,,,,,,,,,,,,,,,,,,,,,,,,,
-0.0546875,0.916259766,0.0546875,24.70992366,-2.328244275,-11.6870229,,,,,,,,,,,,,,,,,,,,,,,,,,,,,,,,,,,,,
0.015380859,0.946289063,0.031738281,23.78625954,-5.251908397,-11.50381679,,,,,,,,,,,,,,,,,,,,,,,,,,,,,,,,,,,,,
-0.00390625,0.934570313,0.061523438,22.30534351,1.908396947,-11.97709924,,,,,,,,,,,,,,,,,,,,,,,,,,,,,,,,,,,,,
0.071777344,0.999755859,0.105224609,20.93129771,5.114503817,-11.41221374,,,,,,,,,,,,,,,,,,,,,,,,,,,,,,,,,,,,,
0.064208984,0.903808594,-0.006591797,23.4351145,6.580152672,-9.809160305,,,,,,,,,,,,,,,,,,,,,,,,,,,,,,,,,,,,,
0.047363281,0.952880859,0.004638672,22.64122137,1.549618321,-11.69465649,,,,,,,,,,,,,,,,,,,,,,,,,,,,,,,,,,,,,
-0.004882813,0.921875,0.1015625,24.41221374,-4.954198473,-11.6259542,,,,,,,,,,,,,,,,,,,,,,,,,,,,,,,,,,,,,
0.038574219,0.9375,0.076660156,25.6259542,-6.091603053,-11.49618321,,,,,,,,,,,,,,,,,,,,,,,,,,,,,,,,,,,,,
0.058837891,0.929931641,0.012939453,25.63358779,0.526717557,-11.86259542,,,,,,,,,,,,,,,,,,,,,,,,,,,,,,,,,,,,,
0.043212891,0.936279297,0.049804688,25.07633588,6.41221374,-11.60305344,,,,,,,,,,,,,,,,,,,,,,,,,,,,,,,,,,,,,
-0.015136719,0.927490234,0.052490234,26.12977099,8.702290076,-13.67175573,,,,,,,,,,,,,,,,,,,,,,,,,,,,,,,,,,,,,
-0.020263672,0.904541016,0.080322266,27.46564885,4.458015267,-11.49618321,,,,,,,,,,,,,,,,,,,,,,,,,,,,,,,,,,,,,
0.006591797,0.939453125,-0.010253906,27.64122137,-2.603053435,-11.8778626,,,,,,,,,,,,,,,,,,,,,,,,,,,,,,,,,,,,,
0.018554688,0.909423828,-0.040527344,27.54198473,-8.72519084,-11.80152672,,,,,,,,,,,,,,,,,,,,,,,,,,,,,,,,,,,,,
0.06640625,0.966796875,-0.019287109,26.82442748,-6.610687023,-11.86259542,,,,,,,,,,,,,,,,,,,,,,,,,,,,,,,,,,,,,
0.057128906,0.912841797,0.047607422,27.47328244,-0.809160305,-9.832061069,,,,,,,,,,,,,,,,,,,,,,,,,,,,,,,,,,,,,
0.101806641,0.953369141,0.032958984,27.57251908,4.969465649,-11.61832061,,,,,,,,,,,,,,,,,,,,,,,,,,,,,,,,,,,,,
0.054443359,0.911865234,-0.014648438,27.70992366,5.564885496,-11.76335878,,,,,,,,,,,,,,,,,,,,,,,,,,,,,,,,,,,,,
0.028076172,0.952880859,-0.020019531,27.69465649,3.541984733,-11.5648855,,,,,,,,,,,,,,,,,,,,,,,,,,,,,,,,,,,,,
-0.001464844,0.921630859,0.053710938,29.29770992,0.160305344,-11.50381679,,,,,,,,,,,,,,,,,,,,,,,,,,,,,,,,,,,,,
0.047607422,0.962158203,0.056640625,26.54198473,2.20610687,-11.54961832,,,,,,,,,,,,,,,,,,,,,,,,,,,,,,,,,,,,,
0.006591797,0.940429688,0.046386719,25.59541985,7.290076336,-11.69465649,,,,,,,,,,,,,,,,,,,,,,,,,,,,,,,,,,,,,
0.017578125,0.979492188,0.02734375,24.45801527,8.900763359,-11.61068702,,,,,,,,,,,,,,,,,,,,,,,,,,,,,,,,,,,,,
-0.041503906,0.920654297,0.005859375,23.6870229,7.58778626,-11.57251908,,,,,,,,,,,,,,,,,,,,,,,,,,,,,,,,,,,,,
-0.0234375,0.955322266,0.0390625,23.66412214,4.458015267,-11.54961832,,,,,,,,,,,,,,,,,,,,,,,,,,,,,,,,,,,,,
-0.071533203,0.931396484,0.040527344,23.76335878,2.900763359,-11.55725191,,,,,,,,,,,,,,,,,,,,,,,,,,,,,,,,,,,,,
-0.022460938,0.997070313,0.048339844,22.38931298,4.358778626,-11.60305344,,,,,,,,,,,,,,,,,,,,,,,,,,,,,,,,,,,,,
-0.061279297,0.951660156,-0.052001953,20.41221374,9.282442748,-9.809160305,,,,,,,,,,,,,,,,,,,,,,,,,,,,,,,,,,,,,
-0.051513672,0.968505859,-0.040039063,18.81679389,13.63358779,-9.79389313,,,,,,,,,,,,,,,,,,,,,,,,,,,,,,,,,,,,,
-0.145751953,0.945556641,-0.028076172,17.69465649,14.22137405,-11.99236641,,,,,,,,,,,,,,,,,,,,,,,,,,,,,,,,,,,,,
-0.162841797,0.995117188,0.005859375,15.36641221,19.40458015,-11.67938931,,,,,,,,,,,,,,,,,,,,,,,,,,,,,,,,,,,,,
-0.238037109,0.948486328,-0.057373047,10.82442748,22.23664122,-11.85496183,,,,,,,,,,,,,,,,,,,,,,,,,,,,,,,,,,,,,
-0.345214844,0.971191406,-0.070800781,6.229007634,27.97709924,-11.61068702,,,,,,,,,,,,,,,,,,,,,,,,,,,,,,,,,,,,,
-0.396484375,0.952392578,0.021484375,1.34351145,32.47328244,-11.88549618,,,,,,,,,,,,,,,,,,,,,,,,,,,,,,,,,,,,,
-0.383300781,0.921630859,0.014160156,-2.13740458,36.47328244,-11.90839695,,,,,,,,,,,,,,,,,,,,,,,,,,,,,,,,,,,,,
-0.409179688,0.872314453,-0.024902344,-11.34351145,41.34351145,-11.66412214,,,,,,,,,,,,,,,,,,,,,,,,,,,,,,,,,,,,,
-0.406005859,0.836914063,-0.003417969,-18.73282443,46.01526718,-11.73282443,,,,,,,,,,,,,,,,,,,,,,,,,,,,,,,,,,,,,
-0.359130859,0.738769531,-0.011962891,-24.73282443,44.48854962,-11.70992366,,,,,,,,,,,,,,,,,,,,,,,,,,,,,,,,,,,,,
-0.231933594,0.648925781,0.129150391,-27.55725191,38.52671756,-11.45801527,,,,,,,,,,,,,,,,,,,,,,,,,,,,,,,,,,,,,
-0.15234375,0.515136719,0.086425781,-29.02290076,36.09923664,-11.40458015,,,,,,,,,,,,,,,,,,,,,,,,,,,,,,,,,,,,,
-0.057373047,0.412597656,0.093505859,-31.54198473,40.87022901,-11.6259542,,,,,,,,,,,,,,,,,,,,,,,,,,,,,,,,,,,,,
0.036376953,0.278320313,0.182617188,-33.53435115,30.22900763,-11.61832061,,,,,,,,,,,,,,,,,,,,,,,,,,,,,,,,,,,,,
0.243408203,0.136474609,0.313232422,-32.25954198,11.32061069,-11.66412214,,,,,,,,,,,,,,,,,,,,,,,,,,,,,,,,,,,,,
0.366943359,-0.018798828,0.194335938,-29.47328244,1.015267176,-9.824427481,,,,,,,,,,,,,,,,,,,,,,,,,,,,,,,,,,,,,
0.526367188,-0.312744141,0.248779297,-11.65648855,-1.27480916,-11.67175573,,,,,,,,,,,,,,,,,,,,,,,,,,,,,,,,,,,,,
0.645751953,-0.48828125,0.231445313,-2.038167939,7.442748092,-11.42748092,,,,,,,,,,,,,,,,,,,,,,,,,,,,,,,,,,,,,
0.836181641,-0.700683594,0.268798828,16.90076336,17.80916031,-11.81679389,,,,,,,,,,,,,,,,,,,,,,,,,,,,,,,,,,,,,
0.982177734,-0.826904297,0.28515625,28.72519084,15.64885496,-9.908396947,,,,,,,,,,,,,,,,,,,,,,,,,,,,,,,,,,,,,
1.175048828,-0.734375,0.332275391,38.15267176,36.96946565,-11.6870229,,,,,,,,,,,,,,,,,,,,,,,,,,,,,,,,,,,,,
1.288085938,-0.673095703,0.317138672,40.94656489,70.79389313,-11.5648855,,,,,,,,,,,,,,,,,,,,,,,,,,,,,,,,,,,,,
1.327392578,-0.684570313,0.306396484,35.24427481,86.2519084,-13.5648855,,,,,,,,,,,,,,,,,,,,,,,,,,,,,,,,,,,,,
1.359863281,-0.855957031,0.376220703,37.04580153,80.00763359,-13.64885496,,,,,,,,,,,,,,,,,,,,,,,,,,,,,,,,,,,,,
1.437011719,-0.916015625,0.487060547,43.88549618,65.6259542,-11.5648855,,,,,,,,,,,,,,,,,,,,,,,,,,,,,,,,,,,,,
1.780273438,-0.935302734,0.5078125,47.01526718,36.90076336,-11.69465649,,,,,,,,,,,,,,,,,,,,,,,,,,,,,,,,,,,,,
1.992431641,-0.965087891,0.636962891,50.67938931,21.79389313,-11.67175573,,,,,,,,,,,,,,,,,,,,,,,,,,,,,,,,,,,,,
1.999938965,-0.934570313,0.435058594,55.19847328,19.3740458,-11.81679389,,,,,,,,,,,,,,,,,,,,,,,,,,,,,,,,,,,,,
1.877685547,-0.904785156,0.444580078,58.38167939,31.48091603,-11.70229008,,,,,,,,,,,,,,,,,,,,,,,,,,,,,,,,,,,,,
1.666992188,-0.784912109,0.386962891,56.36641221,29.45038168,-11.63358779,,,,,,,,,,,,,,,,,,,,,,,,,,,,,,,,,,,,,
1.601318359,-0.588134766,0.3671875,48.70992366,26.32824427,-11.83969466,,,,,,,,,,,,,,,,,,,,,,,,,,,,,,,,,,,,,
1.447998047,-0.572753906,0.362304688,37.92366412,14.45801527,-13.65648855,,,,,,,,,,,,,,,,,,,,,,,,,,,,,,,,,,,,,
1.377197266,-0.587158203,0.377197266,33.64122137,1.480916031,-11.52671756,,,,,,,,,,,,,,,,,,,,,,,,,,,,,,,,,,,,,
1.294433594,-0.547363281,0.466064453,30.30534351,-16.71755725,-13.67175573,,,,,,,,,,,,,,,,,,,,,,,,,,,,,,,,,,,,,
1.093994141,-0.588867188,0.540527344,29.72519084,-45.75572519,-9.786259542,,,,,,,,,,,,,,,,,,,,,,,,,,,,,,,,,,,,,
1.219970703,-0.590820313,0.429443359,31.29007634,-58.19847328,-9.778625954,,,,,,,,,,,,,,,,,,,,,,,,,,,,,,,,,,,,,
1.160644531,-0.582763672,0.571533203,38.2519084,-64.09923664,-11.60305344,,,,,,,,,,,,,,,,,,,,,,,,,,,,,,,,,,,,,
1.141113281,-0.552490234,0.540771484,46.64885496,-55.38931298,-9.778625954,,,,,,,,,,,,,,,,,,,,,,,,,,,,,,,,,,,,,
1.11328125,-0.469726563,0.543457031,57.76335878,-44.69465649,-11.75572519,,,,,,,,,,,,,,,,,,,,,,,,,,,,,,,,,,,,,
0.973876953,-0.44921875,0.446044922,70.53435115,-29.76335878,-13.64885496,,,,,,,,,,,,,,,,,,,,,,,,,,,,,,,,,,,,,
0.853271484,-0.383544922,0.536132813,82.85496183,-23.77862595,-11.57251908,,,,,,,,,,,,,,,,,,,,,,,,,,,,,,,,,,,,,
0.726806641,-0.321044922,0.396728516,94.40458015,-24.77862595,-11.84732824,,,,,,,,,,,,,,,,,,,,,,,,,,,,,,,,,,,,,
0.471679688,-0.261962891,0.474853516,105.2061069,-34.74045802,-11.90839695,,,,,,,,,,,,,,,,,,,,,,,,,,,,,,,,,,,,,
0.389648438,-0.11328125,0.416992188,113.4503817,-45.10687023,-11.64885496,,,,,,,,,,,,,,,,,,,,,,,,,,,,,,,,,,,,,
0.209472656,0.001953125,0.302246094,125.2748092,-54.94656489,-11.90076336,,,,,,,,,,,,,,,,,,,,,,,,,,,,,,,,,,,,,
0.028076172,0.163574219,0.322753906,131.8625954,-73.21374046,-11.44274809,,,,,,,,,,,,,,,,,,,,,,,,,,,,,,,,,,,,,
-0.029541016,0.383789063,0.130371094,133.0534351,-80.48854962,-11.80916031,,,,,,,,,,,,,,,,,,,,,,,,,,,,,,,,,,,,,
-0.087158203,0.522949219,0.115966797,129.4503817,-80.48091603,-11.36641221,,,,,,,,,,,,,,,,,,,,,,,,,,,,,,,,,,,,,
-0.212158203,0.566650391,0.067382813,123.1755725,-80.00763359,-11.77862595,,,,,,,,,,,,,,,,,,,,,,,,,,,,,,,,,,,,,
-0.255371094,0.704833984,-0.125,116.4351145,-71.64885496,-11.59541985,,,,,,,,,,,,,,,,,,,,,,,,,,,,,,,,,,,,,
-0.459960938,0.796630859,0.086181641,102.9694656,-63.29007634,-11.6870229,,,,,,,,,,,,,,,,,,,,,,,,,,,,,,,,,,,,,
-0.499755859,0.851318359,-0.304443359,94.32061069,-56.79389313,-11.70229008,,,,,,,,,,,,,,,,,,,,,,,,,,,,,,,,,,,,,
-0.681396484,0.966552734,-0.266601563,76.77862595,-52.42748092,-11.74045802,,,,,,,,,,,,,,,,,,,,,,,,,,,,,,,,,,,,,
-0.794921875,0.959960938,-0.424804688,62.65648855,-56.66412214,-11.89312977,,,,,,,,,,,,,,,,,,,,,,,,,,,,,,,,,,,,,
-0.830810547,0.99609375,-0.473144531,50.76335878,-61.25954198,-9.854961832,,,,,,,,,,,,,,,,,,,,,,,,,,,,,,,,,,,,,
-0.687011719,1.038574219,-0.464599609,36.60305344,-57.77862595,-11.74045802,,,,,,,,,,,,,,,,,,,,,,,,,,,,,,,,,,,,,
-0.601806641,1.007080078,-0.464599609,22.99236641,-43.05343511,-11.64885496,,,,,,,,,,,,,,,,,,,,,,,,,,,,,,,,,,,,,
-0.512207031,1.013183594,-0.337646484,11.87022901,-27.32824427,-11.58015267,,,,,,,,,,,,,,,,,,,,,,,,,,,,,,,,,,,,,
-0.437011719,0.972900391,-0.334716797,3.435114504,-14.0610687,-11.51145038,,,,,,,,,,,,,,,,,,,,,,,,,,,,,,,,,,,,,
-0.357421875,0.953125,-0.236816406,-0.534351145,-3.732824427,-11.64885496,,,,,,,,,,,,,,,,,,,,,,,,,,,,,,,,,,,,,
-0.252929688,0.98828125,-0.236572266,-1.603053435,-0.251908397,-11.48091603,,,,,,,,,,,,,,,,,,,,,,,,,,,,,,,,,,,,,
-0.123535156,0.898193359,-0.202636719,0.358778626,3.076335878,-11.54961832,,,,,,,,,,,,,,,,,,,,,,,,,,,,,,,,,,,,,
-0.147460938,0.954101563,-0.073486328,2.946564885,-11.82442748,-11.63358779,,,,,,,,,,,,,,,,,,,,,,,,,,,,,,,,,,,,,
0.073730469,0.907226563,-0.064941406,6.801526718,0.893129771,-11.86259542,,,,,,,,,,,,,,,,,,,,,,,,,,,,,,,,,,,,,
0.104492188,0.948730469,-0.085449219,10.03816794,7.458015267,-11.58778626,,,,,,,,,,,,,,,,,,,,,,,,,,,,,,,,,,,,,
0.051513672,0.935058594,-0.030761719,13.22137405,17.90839695,-11.79389313,,,,,,,,,,,,,,,,,,,,,,,,,,,,,,,,,,,,,
0.063232422,0.927734375,-0.060302734,15.98473282,19.18320611,-9.801526718,,,,,,,,,,,,,,,,,,,,,,,,,,,,,,,,,,,,,
0.024658203,0.934814453,-0.083496094,18.9389313,13.41221374,-11.67175573,,,,,,,,,,,,,,,,,,,,,,,,,,,,,,,,,,,,,
0.021728516,0.900390625,-0.111572266,21.09923664,6.755725191,-11.57251908,,,,,,,,,,,,,,,,,,,,,,,,,,,,,,,,,,,,,
0.046142578,0.968505859,-0.007324219,21.73282443,6.923664122,-11.88549618,,,,,,,,,,,,,,,,,,,,,,,,,,,,,,,,,,,,,
0.056884766,0.957519531,-0.000244141,21.45801527,7.992366412,-11.67938931,,,,,,,,,,,,,,,,,,,,,,,,,,,,,,,,,,,,,
0.060546875,0.916748047,-0.067871094,18.80916031,5.938931298,-11.3740458,,,,,,,,,,,,,,,,,,,,,,,,,,,,,,,,,,,,,
0.042480469,0.913818359,-0.103515625,19.32824427,4.564885496,-11.90076336,,,,,,,,,,,,,,,,,,,,,,,,,,,,,,,,,,,,,
0.022949219,0.9765625,-0.116210938,20.35114504,4.13740458,-11.58778626,,,,,,,,,,,,,,,,,,,,,,,,,,,,,,,,,,,,,
0.041015625,0.901367188,-0.040527344,20.7480916,9.083969466,-11.63358779,,,,,,,,,,,,,,,,,,,,,,,,,,,,,,,,,,,,,
,,,,,,,,,,,,,,,,,,,,,,,,,,,,,,,,,,,,,,,,,,
,,,,,,,,,,,,,,,,,,,,,,,,,,,,,,,,,,,,,,,,,,
0.032958984,0.927001953,-0.107177734,22.60305344,2.045801527,-11.81679389,,,,,,,,,,,,,,,,,,,,,,,,,,,,,,,,,,,,,
0.056884766,0.980957031,-0.100097656,22.95419847,2.022900763,-11.69465649,,,,,,,,,,,,,,,,,,,,,,,,,,,,,,,,,,,,,
0.021484375,0.935302734,-0.111816406,23.22900763,2.442748092,-11.53435115,,,,,,,,,,,,,,,,,,,,,,,,,,,,,,,,,,,,,
0.076171875,0.979492188,-0.12890625,22.26717557,4.435114504,-11.90839695,,,,,,,,,,,,,,,,,,,,,,,,,,,,,,,,,,,,,
0.028320313,0.934570313,-0.164550781,20.89312977,8.099236641,-11.58015267,,,,,,,,,,,,,,,,,,,,,,,,,,,,,,,,,,,,,
0.040527344,0.955322266,-0.194824219,19.8778626,5.938931298,-11.79389313,,,,,,,,,,,,,,,,,,,,,,,,,,,,,,,,,,,,,
0.008544922,0.913818359,-0.164794922,19.58778626,6.366412214,-11.29770992,,,,,,,,,,,,,,,,,,,,,,,,,,,,,,,,,,,,,
0.006835938,0.961669922,-0.14453125,18.44274809,0.86259542,-11.66412214,,,,,,,,,,,,,,,,,,,,,,,,,,,,,,,,,,,,,
0.045898438,0.930908203,-0.130859375,18.49618321,-4.679389313,-11.65648855,,,,,,,,,,,,,,,,,,,,,,,,,,,,,,,,,,,,,
0.100097656,0.961425781,-0.123535156,18.42748092,-4.297709924,-9.809160305,,,,,,,,,,,,,,,,,,,,,,,,,,,,,,,,,,,,,
0.104248047,0.924316406,-0.133300781,18.61068702,-0.213740458,-11.65648855,,,,,,,,,,,,,,,,,,,,,,,,,,,,,,,,,,,,,
0.12890625,0.951660156,-0.209472656,18.81679389,5.503816794,-11.7480916,,,,,,,,,,,,,,,,,,,,,,,,,,,,,,,,,,,,,
0.082763672,0.911132813,-0.220947266,18.94656489,8.458015267,-11.53435115,,,,,,,,,,,,,,,,,,,,,,,,,,,,,,,,,,,,,
0.079101563,0.951171875,-0.202148438,18.94656489,11.16793893,-11.57251908,,,,,,,,,,,,,,,,,,,,,,,,,,,,,,,,,,,,,
0.023925781,0.910644531,-0.200927734,18.8778626,7.389312977,-11.55725191,,,,,,,,,,,,,,,,,,,,,,,,,,,,,,,,,,,,,
0.020751953,0.958496094,-0.163574219,19.0610687,-1.335877863,-11.87022901,,,,,,,,,,,,,,,,,,,,,,,,,,,,,,,,,,,,,
0.046386719,0.950683594,-0.184570313,18.58778626,-3.442748092,-11.94656489,,,,,,,,,,,,,,,,,,,,,,,,,,,,,,,,,,,,,
0.093994141,0.959228516,-0.108886719,19.76335878,2.282442748,-11.71755725,,,,,,,,,,,,,,,,,,,,,,,,,,,,,,,,,,,,,
0.081298828,0.950683594,-0.143066406,20.41221374,8.778625954,-11.51908397,,,,,,,,,,,,,,,,,,,,,,,,,,,,,,,,,,,,,
0.083251953,0.959716797,-0.12890625,20.32061069,9.732824427,-11.45801527,,,,,,,,,,,,,,,,,,,,,,,,,,,,,,,,,,,,,
0.057128906,0.919433594,-0.151123047,20.87022901,7.603053435,-11.39694656,,,,,,,,,,,,,,,,,,,,,,,,,,,,,,,,,,,,,
0.013183594,0.939208984,-0.158935547,22.19847328,2.442748092,-11.75572519,,,,,,,,,,,,,,,,,,,,,,,,,,,,,,,,,,,,,
0.022216797,0.947265625,-0.186767578,22.27480916,-2.267175573,-11.80152672,,,,,,,,,,,,,,,,,,,,,,,,,,,,,,,,,,,,,
0.041503906,0.949707031,-0.096679688,21.79389313,-2.633587786,-11.79389313,,,,,,,,,,,,,,,,,,,,,,,,,,,,,,,,,,,,,
0.054443359,0.948730469,-0.114257813,21.61832061,1.671755725,-11.61832061,,,,,,,,,,,,,,,,,,,,,,,,,,,,,,,,,,,,,
0.048828125,0.940185547,-0.094726563,21.8778626,7.053435115,-11.64885496,,,,,,,,,,,,,,,,,,,,,,,,,,,,,,,,,,,,,
0.037109375,0.933837891,-0.078613281,21.54961832,9.27480916,-11.61832061,,,,,,,,,,,,,,,,,,,,,,,,,,,,,,,,,,,,,
0.033935547,0.952636719,-0.107910156,22.61832061,8.427480916,-11.65648855,,,,,,,,,,,,,,,,,,,,,,,,,,,,,,,,,,,,,
0.048583984,0.948730469,-0.123779297,22.70992366,6.183206107,-11.70229008,,,,,,,,,,,,,,,,,,,,,,,,,,,,,,,,,,,,,
0.014160156,0.927490234,-0.219482422,21.81679389,4.145038168,-11.65648855,,,,,,,,,,,,,,,,,,,,,,,,,,,,,,,,,,,,,
0.032958984,0.961914063,-0.2109375,20.25954198,2.030534351,-13.64885496,,,,,,,,,,,,,,,,,,,,,,,,,,,,,,,,,,,,,
0.000732422,0.932861328,-0.200927734,19.64122137,0.809160305,-11.3740458,,,,,,,,,,,,,,,,,,,,,,,,,,,,,,,,,,,,,
0.038818359,0.956054688,-0.199707031,18.64122137,5.083969466,-11.80152672,,,,,,,,,,,,,,,,,,,,,,,,,,,,,,,,,,,,,
0.008056641,0.939208984,-0.191894531,17.96183206,7.061068702,-11.57251908,,,,,,,,,,,,,,,,,,,,,,,,,,,,,,,,,,,,,
0.016601563,0.993408203,-0.179199219,16.83969466,12.77862595,-11.44274809,,,,,,,,,,,,,,,,,,,,,,,,,,,,,,,,,,,,,
-0.045166016,0.966552734,-0.187744141,15.70992366,20.17557252,-13.67175573,,,,,,,,,,,,,,,,,,,,,,,,,,,,,,,,,,,,,
-0.08984375,1.010986328,-0.211914063,11.89312977,30.05343511,-11.83969466,,,,,,,,,,,,,,,,,,,,,,,,,,,,,,,,,,,,,
-0.245361328,0.958740234,-0.260986328,6.351145038,41.33587786,-11.51145038,,,,,,,,,,,,,,,,,,,,,,,,,,,,,,,,,,,,,
-0.360351563,1.030273438,-0.279785156,-3.106870229,55.19847328,-11.75572519,,,,,,,,,,,,,,,,,,,,,,,,,,,,,,,,,,,,,
-0.564208984,0.998046875,-0.277587891,-12.02290076,60.14503817,-11.70992366,,,,,,,,,,,,,,,,,,,,,,,,,,,,,,,,,,,,,
-0.543945313,0.955566406,-0.245605469,-23.36641221,60.30534351,-11.80152672,,,,,,,,,,,,,,,,,,,,,,,,,,,,,,,,,,,,,
-0.564208984,0.842041016,-0.225585938,-32.24427481,62.80916031,-11.41221374,,,,,,,,,,,,,,,,,,,,,,,,,,,,,,,,,,,,,
-0.485351563,0.839599609,-0.192138672,-41.12977099,74.89312977,-11.60305344,,,,,,,,,,,,,,,,,,,,,,,,,,,,,,,,,,,,,
-0.421630859,0.670898438,-0.099365234,-48.86259542,75.29007634,-11.80916031,,,,,,,,,,,,,,,,,,,,,,,,,,,,,,,,,,,,,
-0.250732422,0.627197266,-0.077880859,-57.59541985,70.9389313,-11.58015267,,,,,,,,,,,,,,,,,,,,,,,,,,,,,,,,,,,,,
-0.130615234,0.469970703,0.041992188,-59.51908397,66.29770992,-11.70992366,,,,,,,,,,,,,,,,,,,,,,,,,,,,,,,,,,,,,
-0.027832031,0.344726563,0.106689453,-61.72519084,62.77099237,-11.52671756,,,,,,,,,,,,,,,,,,,,,,,,,,,,,,,,,,,,,
0.181640625,0.193359375,0.181152344,-60.72519084,51.12977099,-11.76335878,,,,,,,,,,,,,,,,,,,,,,,,,,,,,,,,,,,,,
0.303710938,0.009521484,0.217285156,-55.99236641,41.30534351,-11.51908397,,,,,,,,,,,,,,,,,,,,,,,,,,,,,,,,,,,,,
0.4921875,-0.156005859,0.195800781,-51.08396947,51.5648855,-11.95419847,,,,,,,,,,,,,,,,,,,,,,,,,,,,,,,,,,,,,
0.588867188,-0.37890625,0.314697266,-41.26717557,48.18320611,-11.6259542,,,,,,,,,,,,,,,,,,,,,,,,,,,,,,,,,,,,,
0.800537109,-0.515869141,0.389892578,-32.45801527,25.51145038,-11.61068702,,,,,,,,,,,,,,,,,,,,,,,,,,,,,,,,,,,,,
1.126220703,-0.589111328,0.523193359,-21.63358779,-0.129770992,-11.81679389,,,,,,,,,,,,,,,,,,,,,,,,,,,,,,,,,,,,,
1.454345703,-0.697265625,0.350097656,-7.465648855,14.86259542,-11.73282443,,,,,,,,,,,,,,,,,,,,,,,,,,,,,,,,,,,,,
1.563232422,-0.662841797,0.336181641,10.82442748,68.95419847,-11.66412214,,,,,,,,,,,,,,,,,,,,,,,,,,,,,,,,,,,,,
1.614501953,-0.574707031,0.387207031,20.0610687,106.4732824,-11.47328244,,,,,,,,,,,,,,,,,,,,,,,,,,,,,,,,,,,,,
1.485351563,-0.447753906,0.4140625,19.76335878,132.9847328,-11.60305344,,,,,,,,,,,,,,,,,,,,,,,,,,,,,,,,,,,,,
1.473632813,-0.4375,0.455078125,16.96183206,132.740458,-11.70229008,,,,,,,,,,,,,,,,,,,,,,,,,,,,,,,,,,,,,
1.313964844,-0.544677734,0.525390625,18.90076336,107.9694656,-9.854961832,,,,,,,,,,,,,,,,,,,,,,,,,,,,,,,,,,,,,
1.295898438,-0.631347656,0.615722656,26.6259542,63.27480916,-9.839694656,,,,,,,,,,,,,,,,,,,,,,,,,,,,,,,,,,,,,
1.425537109,-0.649902344,0.646484375,34.3740458,27.85496183,-11.58015267,,,,,,,,,,,,,,,,,,,,,,,,,,,,,,,,,,,,,
1.528564453,-0.689697266,0.565185547,40.52671756,2.801526718,-11.77862595,,,,,,,,,,,,,,,,,,,,,,,,,,,,,,,,,,,,,
1.6640625,-0.673828125,0.509765625,46.11450382,-9.458015267,-11.79389313,,,,,,,,,,,,,,,,,,,,,,,,,,,,,,,,,,,,,
1.639648438,-0.634277344,0.426269531,51.0610687,-2.770992366,-11.59541985,,,,,,,,,,,,,,,,,,,,,,,,,,,,,,,,,,,,,
1.577636719,-0.545166016,0.539306641,47.83969466,-0.687022901,-11.38167939,,,,,,,,,,,,,,,,,,,,,,,,,,,,,,,,,,,,,
1.577392578,-0.495117188,0.595458984,44.59541985,-6.702290076,-11.61068702,,,,,,,,,,,,,,,,,,,,,,,,,,,,,,,,,,,,,
1.504882813,-0.541259766,0.560546875,42.49618321,-20.16030534,-11.5648855,,,,,,,,,,,,,,,,,,,,,,,,,,,,,,,,,,,,,
1.405517578,-0.61328125,0.55078125,46.01526718,-41.19847328,-11.58015267,,,,,,,,,,,,,,,,,,,,,,,,,,,,,,,,,,,,,
1.354003906,-0.635009766,0.570556641,50.15267176,-60.6259542,-11.54961832,,,,,,,,,,,,,,,,,,,,,,,,,,,,,,,,,,,,,
1.253662109,-0.623046875,0.641845703,58.05343511,-76.83206107,-11.51145038,,,,,,,,,,,,,,,,,,,,,,,,,,,,,,,,,,,,,
1.249267578,-0.523193359,0.653808594,66.1221374,-72.3740458,-11.59541985,,,,,,,,,,,,,,,,,,,,,,,,,,,,,,,,,,,,,
1.106201172,-0.471679688,0.584228516,74.42748092,-69.36641221,-11.50381679,,,,,,,,,,,,,,,,,,,,,,,,,,,,,,,,,,,,,
0.938232422,-0.440429688,0.656738281,83.4351145,-63.36641221,-11.77862595,,,,,,,,,,,,,,,,,,,,,,,,,,,,,,,,,,,,,
0.739746094,-0.516601563,0.551025391,98.46564885,-67.89312977,-11.67175573,,,,,,,,,,,,,,,,,,,,,,,,,,,,,,,,,,,,,
0.444335938,-0.4765625,0.411865234,113.2290076,-73.53435115,-11.47328244,,,,,,,,,,,,,,,,,,,,,,,,,,,,,,,,,,,,,
0.270019531,-0.285888672,0.442871094,125.1679389,-79.09160305,-11.75572519,,,,,,,,,,,,,,,,,,,,,,,,,,,,,,,,,,,,,
0.097900391,-0.065185547,0.354492188,135.8625954,-75.06870229,-11.64885496,,,,,,,,,,,,,,,,,,,,,,,,,,,,,,,,,,,,,
-0.142578125,0.1953125,0.167480469,140.4427481,-83.13740458,-11.48854962,,,,,,,,,,,,,,,,,,,,,,,,,,,,,,,,,,,,,
-0.246826172,0.447265625,0.048583984,135.5038168,-99.35114504,-11.61832061,,,,,,,,,,,,,,,,,,,,,,,,,,,,,,,,,,,,,
-0.298339844,0.615234375,0.029541016,128.6870229,-95.2519084,-11.45801527,,,,,,,,,,,,,,,,,,,,,,,,,,,,,,,,,,,,,
-0.324462891,0.689941406,-0.166503906,119.0839695,-87.98473282,-11.89312977,,,,,,,,,,,,,,,,,,,,,,,,,,,,,,,,,,,,,
-0.474365234,0.811035156,-0.257324219,104.3435115,-73.12977099,-11.6259542,,,,,,,,,,,,,,,,,,,,,,,,,,,,,,,,,,,,,
-0.627197266,0.925292969,-0.291259766,90.16030534,-79.3740458,-11.58778626,,,,,,,,,,,,,,,,,,,,,,,,,,,,,,,,,,,,,
-0.541015625,0.975585938,-0.487060547,73.33587786,-76.79389313,-11.61832061,,,,,,,,,,,,,,,,,,,,,,,,,,,,,,,,,,,,,
-0.501953125,1.03125,-0.420898438,57.38167939,-61.48854962,-9.816793893,,,,,,,,,,,,,,,,,,,,,,,,,,,,,,,,,,,,,
-0.505859375,0.983642578,-0.510498047,44.96946565,-40.35114504,-11.44274809,,,,,,,,,,,,,,,,,,,,,,,,,,,,,,,,,,,,,
-0.554199219,1.012207031,-0.381835938,31.35877863,-34.16030534,-11.57251908,,,,,,,,,,,,,,,,,,,,,,,,,,,,,,,,,,,,,
-0.456298828,1.032226563,-0.379394531,19.76335878,-26.83206107,-11.8778626,,,,,,,,,,,,,,,,,,,,,,,,,,,,,,,,,,,,,
-0.395263672,0.960449219,-0.403808594,13.70229008,-11.19083969,-11.49618321,,,,,,,,,,,,,,,,,,,,,,,,,,,,,,,,,,,,,
-0.304443359,0.979980469,-0.319580078,8.267175573,6.320610687,-13.6259542,,,,,,,,,,,,,,,,,,,,,,,,,,,,,,,,,,,,,
-0.291748047,0.922363281,-0.276123047,4.473282443,5.389312977,-11.6259542,,,,,,,,,,,,,,,,,,,,,,,,,,,,,,,,,,,,,
-0.270019531,0.929931641,-0.267333984,3.366412214,-12.74045802,-11.61832061,,,,,,,,,,,,,,,,,,,,,,,,,,,,,,,,,,,,,
-0.109375,0.990234375,-0.15234375,1.65648855,-19.95419847,-11.50381679,,,,,,,,,,,,,,,,,,,,,,,,,,,,,,,,,,,,,
0.027587891,0.932128906,-0.211669922,2.465648855,-20.20610687,-13.67175573,,,,,,,,,,,,,,,,,,,,,,,,,,,,,,,,,,,,,
0.131103516,0.957275391,-0.064697266,4.816793893,-8.870229008,-11.50381679,,,,,,,,,,,,,,,,,,,,,,,,,,,,,,,,,,,,,
0.228027344,0.976318359,-0.108886719,9.015267176,11.32824427,-11.5648855,,,,,,,,,,,,,,,,,,,,,,,,,,,,,,,,,,,,,
0.183837891,0.913574219,0.026123047,14.19083969,22.58015267,-11.61832061,,,,,,,,,,,,,,,,,,,,,,,,,,,,,,,,,,,,,
0.150390625,0.944335938,-0.084960938,17.13740458,22.64885496,-11.52671756,,,,,,,,,,,,,,,,,,,,,,,,,,,,,,,,,,,,,
0.102050781,0.934326172,-0.033203125,17.61068702,16.83969466,-9.778625954,,,,,,,,,,,,,,,,,,,,,,,,,,,,,,,,,,,,,
0.124267578,0.922119141,-0.011230469,21.41221374,10.99236641,-11.67175573,,,,,,,,,,,,,,,,,,,,,,,,,,,,,,,,,,,,,
0.157714844,0.942871094,-0.108154297,22.55725191,8.389312977,-11.72519084,,,,,,,,,,,,,,,,,,,,,,,,,,,,,,,,,,,,,
0.188232422,0.94921875,-0.059814453,24.10687023,10.77862595,-11.64122137,,,,,,,,,,,,,,,,,,,,,,,,,,,,,,,,,,,,,
0.122314453,0.92578125,-0.137451172,25.52671756,12.3129771,-11.64122137,,,,,,,,,,,,,,,,,,,,,,,,,,,,,,,,,,,,,
0.065429688,0.965332031,-0.043945313,24.69465649,8.442748092,-11.7480916,,,,,,,,,,,,,,,,,,,,,,,,,,,,,,,,,,,,,
0.088623047,0.976806641,-0.085693359,24.66412214,1.160305344,-9.86259542,,,,,,,,,,,,,,,,,,,,,,,,,,,,,,,,,,,,,
0.054199219,0.92578125,-0.168701172,23.51908397,-6.541984733,-11.6259542,,,,,,,,,,,,,,,,,,,,,,,,,,,,,,,,,,,,,
0.056396484,0.951171875,-0.096923828,22.36641221,-7.755725191,-11.86259542,,,,,,,,,,,,,,,,,,,,,,,,,,,,,,,,,,,,,
0.133544922,0.989501953,-0.102539063,20.6259542,-1.213740458,-11.72519084,,,,,,,,,,,,,,,,,,,,,,,,,,,,,,,,,,,,,
0.060058594,0.966064453,-0.107666016,18.96183206,6.458015267,-13.64885496,,,,,,,,,,,,,,,,,,,,,,,,,,,,,,,,,,,,,
0.03125,0.946777344,-0.110107422,16.95419847,6.335877863,-11.65648855,,,,,,,,,,,,,,,,,,,,,,,,,,,,,,,,,,,,,
-0.013671875,0.939697266,-0.085205078,16.79389313,3.702290076,-12,,,,,,,,,,,,,,,,,,,,,,,,,,,,,,,,,,,,,
,,,,,,,,,,,,,,,,,,,,,,,,,,,,,,,,,,,,,,,,,,
,,,,,,,,,,,,,,,,,,,,,,,,,,,,,,,,,,,,,,,,,,
0.065673828,0.977539063,-0.072753906,18.59541985,-1.633587786,-11.54961832,,,,,,,,,,,,,,,,,,,,,,,,,,,,,,,,,,,,,
0.027587891,0.9375,-0.08203125,18.83206107,2.519083969,-11.51145038,,,,,,,,,,,,,,,,,,,,,,,,,,,,,,,,,,,,,
0.057128906,0.962402344,-0.096191406,19.11450382,2.038167939,-11.44274809,,,,,,,,,,,,,,,,,,,,,,,,,,,,,,,,,,,,,
0.03125,0.917236328,-0.008544922,19.97709924,5.305343511,-11.51145038,,,,,,,,,,,,,,,,,,,,,,,,,,,,,,,,,,,,,
0.067871094,0.979003906,-0.020507813,20.36641221,8.511450382,-11.54198473,,,,,,,,,,,,,,,,,,,,,,,,,,,,,,,,,,,,,
0.027099609,0.943603516,-0.057373047,21.22137405,9.755725191,-11.67938931,,,,,,,,,,,,,,,,,,,,,,,,,,,,,,,,,,,,,
0.012695313,0.970458984,-0.065429688,20.20610687,4.480916031,-11.51145038,,,,,,,,,,,,,,,,,,,,,,,,,,,,,,,,,,,,,
-0.005126953,0.924804688,-0.032958984,20.10687023,-2.748091603,-11.85496183,,,,,,,,,,,,,,,,,,,,,,,,,,,,,,,,,,,,,
0.123046875,0.951660156,-0.025878906,21.10687023,-2.595419847,-11.84732824,,,,,,,,,,,,,,,,,,,,,,,,,,,,,,,,,,,,,
0.120117188,0.913330078,-0.111572266,23.35114504,0.732824427,-13.57251908,,,,,,,,,,,,,,,,,,,,,,,,,,,,,,,,,,,,,
0.133300781,0.958984375,-0.095458984,21.71755725,6.465648855,-11.73282443,,,,,,,,,,,,,,,,,,,,,,,,,,,,,,,,,,,,,
0.08984375,0.908935547,-0.100585938,22.44274809,13.67175573,-11.64122137,,,,,,,,,,,,,,,,,,,,,,,,,,,,,,,,,,,,,
0.078369141,0.965332031,-0.067626953,22.89312977,13.19083969,-11.83206107,,,,,,,,,,,,,,,,,,,,,,,,,,,,,,,,,,,,,
0.036376953,0.939941406,-0.041748047,22.6259542,6.282442748,-13.67175573,,,,,,,,,,,,,,,,,,,,,,,,,,,,,,,,,,,,,
0.055664063,0.968505859,-0.0234375,22.29770992,1.496183206,-11.46564885,,,,,,,,,,,,,,,,,,,,,,,,,,,,,,,,,,,,,
0.065673828,0.927246094,-0.130126953,22.50381679,-1.053435115,-11.86259542,,,,,,,,,,,,,,,,,,,,,,,,,,,,,,,,,,,,,
0.056640625,0.947021484,-0.01171875,21.79389313,1.312977099,-11.6259542,,,,,,,,,,,,,,,,,,,,,,,,,,,,,,,,,,,,,
0.071533203,0.922851563,-0.030273438,22.07633588,2.305343511,-11.80916031,,,,,,,,,,,,,,,,,,,,,,,,,,,,,,,,,,,,,
0.06640625,0.906982422,-0.029052734,23.02290076,6.251908397,-9.908396947,,,,,,,,,,,,,,,,,,,,,,,,,,,,,,,,,,,,,
0.052978516,0.940673828,-0.1015625,23.10687023,6.374045802,-13.65648855,,,,,,,,,,,,,,,,,,,,,,,,,,,,,,,,,,,,,
0.017578125,0.922607422,-0.084228516,22.6870229,4.603053435,-13.58015267,,,,,,,,,,,,,,,,,,,,,,,,,,,,,,,,,,,,,
0.060791016,0.943603516,-0.065185547,23.38931298,2.603053435,-13.67938931,,,,,,,,,,,,,,,,,,,,,,,,,,,,,,,,,,,,,
0.053222656,0.924072266,-0.107421875,21.53435115,2.015267176,-11.55725191,,,,,,,,,,,,,,,,,,,,,,,,,,,,,,,,,,,,,
0.101318359,0.965087891,-0.11328125,21.03816794,4.694656489,-11.89312977,,,,,,,,,,,,,,,,,,,,,,,,,,,,,,,,,,,,,
0.047607422,0.936523438,-0.118896484,20.90076336,6.312977099,-11.6870229,,,,,,,,,,,,,,,,,,,,,,,,,,,,,,,,,,,,,
0.063964844,0.940673828,-0.122558594,20.59541985,6.41221374,-11.65648855,,,,,,,,,,,,,,,,,,,,,,,,,,,,,,,,,,,,,
0.00390625,0.910644531,-0.118164063,20.94656489,6.916030534,-11.52671756,,,,,,,,,,,,,,,,,,,,,,,,,,,,,,,,,,,,,
0.047119141,0.978027344,-0.022460938,20.59541985,7.740458015,-13.64122137,,,,,,,,,,,,,,,,,,,,,,,,,,,,,,,,,,,,,
0.0078125,0.933349609,-0.043457031,20.69465649,6.748091603,-11.63358779,,,,,,,,,,,,,,,,,,,,,,,,,,,,,,,,,,,,,
0.031494141,0.977294922,-0.090576172,20.05343511,6.938931298,-11.64885496,,,,,,,,,,,,,,,,,,,,,,,,,,,,,,,,,,,,,
-0.011474609,0.925537109,-0.094238281,19.73282443,6.396946565,-11.35877863,,,,,,,,,,,,,,,,,,,,,,,,,,,,,,,,,,,,,
-0.014648438,0.982910156,-0.078369141,18.29007634,10.45038168,-11.41221374,,,,,,,,,,,,,,,,,,,,,,,,,,,,,,,,,,,,,
-0.059814453,0.964599609,-0.066162109,16.6259542,12.44274809,-11.77862595,,,,,,,,,,,,,,,,,,,,,,,,,,,,,,,,,,,,,
-0.020507813,0.970214844,-0.036376953,15.17557252,14.45038168,-11.65648855,,,,,,,,,,,,,,,,,,,,,,,,,,,,,,,,,,,,,
-0.088623047,0.933837891,-0.150878906,13.84732824,18.98473282,-11.51908397,,,,,,,,,,,,,,,,,,,,,,,,,,,,,,,,,,,,,
-0.141357422,0.980712891,-0.147216797,11.06870229,27.67175573,-11.45801527,,,,,,,,,,,,,,,,,,,,,,,,,,,,,,,,,,,,,
-0.289550781,0.951660156,-0.168945313,5.488549618,39.50381679,-11.8778626,,,,,,,,,,,,,,,,,,,,,,,,,,,,,,,,,,,,,
-0.397705078,0.953369141,-0.133544922,-2.099236641,43.96946565,-11.58778626,,,,,,,,,,,,,,,,,,,,,,,,,,,,,,,,,,,,,
-0.420654297,0.90625,-0.131347656,-8.633587786,43.83969466,-11.69465649,,,,,,,,,,,,,,,,,,,,,,,,,,,,,,,,,,,,,
-0.406005859,0.883300781,-0.084228516,-15.00763359,48.13740458,-11.69465649,,,,,,,,,,,,,,,,,,,,,,,,,,,,,,,,,,,,,
-0.406738281,0.812011719,-0.101806641,-22.04580153,51.19083969,-11.60305344,,,,,,,,,,,,,,,,,,,,,,,,,,,,,,,,,,,,,
-0.34765625,0.774902344,-0.074462891,-27.45038168,54.7480916,-11.67175573,,,,,,,,,,,,,,,,,,,,,,,,,,,,,,,,,,,,,
-0.284667969,0.673339844,0.008300781,-35.6259542,55.77099237,-11.51145038,,,,,,,,,,,,,,,,,,,,,,,,,,,,,,,,,,,,,
-0.104980469,0.666259766,-0.078857422,-35.71755725,44.36641221,-11.50381679,,,,,,,,,,,,,,,,,,,,,,,,,,,,,,,,,,,,,
0.043945313,0.444335938,0.095947266,-35.67938931,35.14503817,-11.83206107,,,,,,,,,,,,,,,,,,,,,,,,,,,,,,,,,,,,,
0.159667969,0.332763672,0.092285156,-37.38931298,39.60305344,-11.48854962,,,,,,,,,,,,,,,,,,,,,,,,,,,,,,,,,,,,,
0.245605469,0.279296875,0.125976563,-41.66412214,56.98473282,-11.80916031,,,,,,,,,,,,,,,,,,,,,,,,,,,,,,,,,,,,,
0.340820313,0.103027344,0.216308594,-41.63358779,32.51145038,-9.786259542,,,,,,,,,,,,,,,,,,,,,,,,,,,,,,,,,,,,,
0.574462891,-0.092041016,0.352050781,-38.86259542,1.824427481,-11.42748092,,,,,,,,,,,,,,,,,,,,,,,,,,,,,,,,,,,,,
0.831298828,-0.229248047,0.244384766,-26.73282443,0.045801527,-11.55725191,,,,,,,,,,,,,,,,,,,,,,,,,,,,,,,,,,,,,
0.853271484,-0.413818359,0.252441406,-13.48091603,22.59541985,-12.06870229,,,,,,,,,,,,,,,,,,,,,,,,,,,,,,,,,,,,,
0.999023438,-0.448486328,0.388671875,-0.885496183,16.50381679,-11.60305344,,,,,,,,,,,,,,,,,,,,,,,,,,,,,,,,,,,,,
1.217773438,-0.519775391,0.423339844,8.801526718,16.35114504,-11.50381679,,,,,,,,,,,,,,,,,,,,,,,,,,,,,,,,,,,,,
1.442871094,-0.5859375,0.314941406,17.98473282,27.83206107,-11.63358779,,,,,,,,,,,,,,,,,,,,,,,,,,,,,,,,,,,,,
1.516601563,-0.524414063,0.310546875,26.85496183,54.8778626,-11.6870229,,,,,,,,,,,,,,,,,,,,,,,,,,,,,,,,,,,,,
1.524902344,-0.486083984,0.263671875,34.21374046,84.41221374,-11.54961832,,,,,,,,,,,,,,,,,,,,,,,,,,,,,,,,,,,,,
1.433837891,-0.412353516,0.350341797,34.51145038,96,-11.77862595,,,,,,,,,,,,,,,,,,,,,,,,,,,,,,,,,,,,,
1.342529297,-0.342041016,0.464355469,28.58015267,87.40458015,-13.60305344,,,,,,,,,,,,,,,,,,,,,,,,,,,,,,,,,,,,,
1.434570313,-0.453369141,0.431640625,26.25954198,67.9389313,-13.67938931,,,,,,,,,,,,,,,,,,,,,,,,,,,,,,,,,,,,,
1.431396484,-0.535400391,0.490234375,27.25954198,43.45801527,-11.59541985,,,,,,,,,,,,,,,,,,,,,,,,,,,,,,,,,,,,,
1.573242188,-0.596923828,0.559570313,29.57251908,23.18320611,-11.61068702,,,,,,,,,,,,,,,,,,,,,,,,,,,,,,,,,,,,,
1.7109375,-0.651123047,0.497558594,37.28244275,3.305343511,-11.58015267,,,,,,,,,,,,,,,,,,,,,,,,,,,,,,,,,,,,,
1.768310547,-0.568115234,0.356445313,45.2519084,-3.450381679,-11.61068702,,,,,,,,,,,,,,,,,,,,,,,,,,,,,,,,,,,,,
1.763427734,-0.483642578,0.420898438,47,7.282442748,-11.41221374,,,,,,,,,,,,,,,,,,,,,,,,,,,,,,,,,,,,,
1.621337891,-0.485107422,0.377929688,41.18320611,-1.190839695,-13.63358779,,,,,,,,,,,,,,,,,,,,,,,,,,,,,,,,,,,,,
1.545410156,-0.493408203,0.475097656,36.13740458,-11.53435115,-11.81679389,,,,,,,,,,,,,,,,,,,,,,,,,,,,,,,,,,,,,
1.505371094,-0.468505859,0.540527344,34.8778626,-24.70992366,-9.778625954,,,,,,,,,,,,,,,,,,,,,,,,,,,,,,,,,,,,,
1.390380859,-0.52734375,0.537841797,40.86259542,-44.83969466,-13.63358779,,,,,,,,,,,,,,,,,,,,,,,,,,,,,,,,,,,,,
1.360351563,-0.522705078,0.495605469,45.76335878,-59.33587786,-11.54198473,,,,,,,,,,,,,,,,,,,,,,,,,,,,,,,,,,,,,
1.314697266,-0.485839844,0.579101563,49.19083969,-80.51145038,-11.60305344,,,,,,,,,,,,,,,,,,,,,,,,,,,,,,,,,,,,,
1.298339844,-0.527099609,0.481689453,54.84732824,-81.85496183,-11.79389313,,,,,,,,,,,,,,,,,,,,,,,,,,,,,,,,,,,,,
1.185302734,-0.43359375,0.466064453,63.91603053,-75.87022901,-11.67175573,,,,,,,,,,,,,,,,,,,,,,,,,,,,,,,,,,,,,
1.022705078,-0.388671875,0.521484375,75.77862595,-68.22900763,-11.7480916,,,,,,,,,,,,,,,,,,,,,,,,,,,,,,,,,,,,,
0.771728516,-0.362304688,0.529785156,88.25954198,-67.77862595,-11.88549618,,,,,,,,,,,,,,,,,,,,,,,,,,,,,,,,,,,,,
0.625732422,-0.28515625,0.42578125,99.15267176,-77.77862595,-11.64885496,,,,,,,,,,,,,,,,,,,,,,,,,,,,,,,,,,,,,
0.422119141,-0.205078125,0.331298828,106.5114504,-83.85496183,-11.35877863,,,,,,,,,,,,,,,,,,,,,,,,,,,,,,,,,,,,,
0.256835938,-0.118164063,0.19921875,120.1145038,-74.98473282,-11.58778626,,,,,,,,,,,,,,,,,,,,,,,,,,,,,,,,,,,,,
0.2109375,0.054931641,0.196533203,129.129771,-58.03053435,-11.61068702,,,,,,,,,,,,,,,,,,,,,,,,,,,,,,,,,,,,,
-0.115234375,0.1953125,0.060546875,137.9770992,-42.7480916,-11.44274809,,,,,,,,,,,,,,,,,,,,,,,,,,,,,,,,,,,,,
-0.261474609,0.40625,0.002441406,140.0534351,-43.3129771,-11.81679389,,,,,,,,,,,,,,,,,,,,,,,,,,,,,,,,,,,,,
-0.365234375,0.54296875,-0.056640625,134.5648855,-46.14503817,-11.66412214,,,,,,,,,,,,,,,,,,,,,,,,,,,,,,,,,,,,,
-0.518798828,0.657714844,-0.32421875,122.870229,-54.63358779,-11.63358779,,,,,,,,,,,,,,,,,,,,,,,,,,,,,,,,,,,,,
-0.697021484,0.782714844,-0.327148438,103.9923664,-72.72519084,-11.86259542,,,,,,,,,,,,,,,,,,,,,,,,,,,,,,,,,,,,,
-0.779052734,0.907226563,-0.566894531,79.12977099,-98.28244275,-13.66412214,,,,,,,,,,,,,,,,,,,,,,,,,,,,,,,,,,,,,
-0.784179688,0.720703125,-0.504150391,62.82442748,-118.4351145,-13.58778626,,,,,,,,,,,,,,,,,,,,,,,,,,,,,,,,,,,,,
-0.588134766,1.087646484,-0.564697266,41.41984733,-98.63358779,-11.6870229,,,,,,,,,,,,,,,,,,,,,,,,,,,,,,,,,,,,,
-0.444824219,0.964599609,-0.486328125,27.35114504,-52.16793893,-11.59541985,,,,,,,,,,,,,,,,,,,,,,,,,,,,,,,,,,,,,
-0.571289063,0.961181641,-0.496337891,10.23664122,-12.83206107,-11.58778626,,,,,,,,,,,,,,,,,,,,,,,,,,,,,,,,,,,,,
-0.572998047,0.977294922,-0.360351563,2.358778626,-1.709923664,-11.61832061,,,,,,,,,,,,,,,,,,,,,,,,,,,,,,,,,,,,,
-0.561279297,0.936035156,-0.422363281,-2.34351145,2.022900763,-11.36641221,,,,,,,,,,,,,,,,,,,,,,,,,,,,,,,,,,,,,
-0.590820313,0.986328125,-0.279785156,-7.893129771,-7.259541985,-13.63358779,,,,,,,,,,,,,,,,,,,,,,,,,,,,,,,,,,,,,
-0.379394531,0.991699219,-0.231201172,-9.893129771,-26.52671756,-11.86259542,,,,,,,,,,,,,,,,,,,,,,,,,,,,,,,,,,,,,
-0.268310547,0.969726563,-0.208007813,-9.122137405,-29.73282443,-11.6259542,,,,,,,,,,,,,,,,,,,,,,,,,,,,,,,,,,,,,
-0.037109375,1.005371094,-0.167480469,-6.580152672,-19.90839695,-11.64122137,,,,,,,,,,,,,,,,,,,,,,,,,,,,,,,,,,,,,
0.098388672,0.991943359,-0.165039063,-1.465648855,-0.503816794,-11.54961832,,,,,,,,,,,,,,,,,,,,,,,,,,,,,,,,,,,,,
0.041015625,0.964599609,-0.112060547,4.198473282,13.38167939,-11.51908397,,,,,,,,,,,,,,,,,,,,,,,,,,,,,,,,,,,,,
0.070800781,0.991455078,-0.033691406,8.572519084,18.24427481,-13.64885496,,,,,,,,,,,,,,,,,,,,,,,,,,,,,,,,,,,,,
0.053222656,0.946777344,-0.0078125,13.57251908,13.0610687,-11.61832061,,,,,,,,,,,,,,,,,,,,,,,,,,,,,,,,,,,,,
0.114257813,0.91015625,-0.087402344,17.00763359,11.28244275,-11.66412214,,,,,,,,,,,,,,,,,,,,,,,,,,,,,,,,,,,,,
0.033203125,0.949462891,-0.026855469,21.7480916,10.10687023,-11.45801527,,,,,,,,,,,,,,,,,,,,,,,,,,,,,,,,,,,,,
0.065917969,0.892089844,-0.0703125,22.36641221,5.977099237,-11.54198473,,,,,,,,,,,,,,,,,,,,,,,,,,,,,,,,,,,,,
0.100585938,0.947021484,-0.004638672,24.77099237,9.732824427,-11.6870229,,,,,,,,,,,,,,,,,,,,,,,,,,,,,,,,,,,,,
0.159423828,0.936523438,-0.063232422,27.30534351,9.786259542,-11.6259542,,,,,,,,,,,,,,,,,,,,,,,,,,,,,,,,,,,,,
0.04296875,0.916259766,-0.041992188,30.12977099,11.91603053,-11.4351145,,,,,,,,,,,,,,,,,,,,,,,,,,,,,,,,,,,,,
0.080078125,0.938476563,-0.034912109,29.78625954,9.404580153,-9.786259542,,,,,,,,,,,,,,,,,,,,,,,,,,,,,,,,,,,,,
0.041015625,0.914794922,-0.134765625,28.16793893,8.015267176,-11.75572519,,,,,,,,,,,,,,,,,,,,,,,,,,,,,,,,,,,,,
-0.028076172,0.925048828,-0.162353516,26.67175573,3.122137405,-11.67175573,,,,,,,,,,,,,,,,,,,,,,,,,,,,,,,,,,,,,
0.003417969,0.968505859,-0.128417969,25.0610687,0.290076336,-11.6259542,,,,,,,,,,,,,,,,,,,,,,,,,,,,,,,,,,,,,
-0.030761719,0.963623047,-0.09765625,22.98473282,-5.564885496,-11.4351145,,,,,,,,,,,,,,,,,,,,,,,,,,,,,,,,,,,,,
0.013671875,0.952636719,-0.146972656,21.00763359,-10.7480916,-11.72519084,,,,,,,,,,,,,,,,,,,,,,,,,,,,,,,,,,,,,
0.048828125,0.959472656,-0.160400391,19.35114504,-10.76335878,-11.58015267,,,,,,,,,,,,,,,,,,,,,,,,,,,,,,,,,,,,,
0.032226563,0.946044922,-0.122314453,19.35877863,-6.801526718,-11.7480916,,,,,,,,,,,,,,,,,,,,,,,,,,,,,,,,,,,,,
0.04296875,0.918457031,-0.117431641,20.32061069,-2.786259542,-11.41984733,,,,,,,,,,,,,,,,,,,,,,,,,,,,,,,,,,,,,
0.075683594,0.955322266,-0.171142578,21.38931298,3.511450382,-11.57251908,,,,,,,,,,,,,,,,,,,,,,,,,,,,,,,,,,,,,
0.025878906,0.951904297,-0.129882813,21.80916031,8.282442748,-11.78625954,,,,,,,,,,,,,,,,,,,,,,,,,,,,,,,,,,,,,
-0.049560547,0.931640625,-0.176025391,22.11450382,6.083969466,-11.84732824,,,,,,,,,,,,,,,,,,,,,,,,,,,,,,,,,,,,,
,,,,,,,,,,,,,,,,,,,,,,,,,,,,,,,,,,,,,,,,,,
,,,,,,,,,,,,,,,,,,,,,,,,,,,,,,,,,,,,,,,,,,
0.010009766,0.935546875,-0.090820313,25.65648855,-3.007633588,-11.58015267,,,,,,,,,,,,,,,,,,,,,,,,,,,,,,,,,,,,,
0.070556641,0.989013672,-0.012695313,25.32061069,-2.618320611,-11.6259542,,,,,,,,,,,,,,,,,,,,,,,,,,,,,,,,,,,,,
0.076171875,0.948974609,-0.101806641,24.64885496,-0.809160305,-11.49618321,,,,,,,,,,,,,,,,,,,,,,,,,,,,,,,,,,,,,
0.107177734,0.977294922,-0.073974609,23.67175573,3.740458015,-11.48854962,,,,,,,,,,,,,,,,,,,,,,,,,,,,,,,,,,,,,
0.101318359,0.937988281,-0.083740234,23.81679389,4.435114504,-11.54198473,,,,,,,,,,,,,,,,,,,,,,,,,,,,,,,,,,,,,
0.119873047,0.96875,-0.069824219,23.61068702,5.633587786,-11.58015267,,,,,,,,,,,,,,,,,,,,,,,,,,,,,,,,,,,,,
0.090087891,0.918701172,-0.093994141,22.87022901,5.045801527,-11.58778626,,,,,,,,,,,,,,,,,,,,,,,,,,,,,,,,,,,,,
0.054931641,0.947753906,-0.100585938,23.00763359,3.503816794,-11.47328244,,,,,,,,,,,,,,,,,,,,,,,,,,,,,,,,,,,,,
0.059326172,0.931152344,-0.003173828,22.81679389,3.740458015,-11.70992366,,,,,,,,,,,,,,,,,,,,,,,,,,,,,,,,,,,,,
0.063720703,0.9609375,-0.005371094,22.33587786,3.213740458,-11.64122137,,,,,,,,,,,,,,,,,,,,,,,,,,,,,,,,,,,,,
0.086425781,0.925537109,-0.051757813,22.20610687,4.687022901,-11.85496183,,,,,,,,,,,,,,,,,,,,,,,,,,,,,,,,,,,,,
0.063964844,0.946777344,-0.060302734,22.59541985,4.229007634,-11.76335878,,,,,,,,,,,,,,,,,,,,,,,,,,,,,,,,,,,,,
0.038818359,0.938476563,-0.088134766,22.67175573,6.473282443,-9.778625954,,,,,,,,,,,,,,,,,,,,,,,,,,,,,,,,,,,,,
0.012939453,0.948242188,0.021972656,23.17557252,3.122137405,-11.60305344,,,,,,,,,,,,,,,,,,,,,,,,,,,,,,,,,,,,,
0.028320313,0.934570313,-0.001220703,23.59541985,-1.938931298,-11.55725191,,,,,,,,,,,,,,,,,,,,,,,,,,,,,,,,,,,,,
0.05859375,0.942871094,-0.006103516,24.64885496,-0.358778626,-11.69465649,,,,,,,,,,,,,,,,,,,,,,,,,,,,,,,,,,,,,
0.073974609,0.928466797,-0.041748047,24.35114504,0.885496183,-11.54198473,,,,,,,,,,,,,,,,,,,,,,,,,,,,,,,,,,,,,
0.034667969,0.946289063,-0.043701172,24.05343511,0.900763359,-11.70992366,,,,,,,,,,,,,,,,,,,,,,,,,,,,,,,,,,,,,
0.040283203,0.954589844,-0.017822266,23.64122137,3.160305344,-11.90076336,,,,,,,,,,,,,,,,,,,,,,,,,,,,,,,,,,,,,
0.066650391,0.922607422,-0.095703125,23.70992366,6.122137405,-11.46564885,,,,,,,,,,,,,,,,,,,,,,,,,,,,,,,,,,,,,
0.048828125,0.966796875,-0.116455078,25.35877863,7.916030534,-11.85496183,,,,,,,,,,,,,,,,,,,,,,,,,,,,,,,,,,,,,
-0.038818359,0.954589844,-0.116210938,22.80916031,7.198473282,-11.69465649,,,,,,,,,,,,,,,,,,,,,,,,,,,,,,,,,,,,,
-0.009765625,0.993652344,-0.036132813,21.38167939,6.427480916,-9.847328244,,,,,,,,,,,,,,,,,,,,,,,,,,,,,,,,,,,,,
-0.016357422,0.961669922,-0.083740234,20.3129771,6.809160305,-11.67175573,,,,,,,,,,,,,,,,,,,,,,,,,,,,,,,,,,,,,
-0.040527344,0.998779297,-0.079101563,19.35114504,10.78625954,-11.76335878,,,,,,,,,,,,,,,,,,,,,,,,,,,,,,,,,,,,,
-0.092773438,0.963378906,-0.103515625,18.26717557,10.10687023,-11.64122137,,,,,,,,,,,,,,,,,,,,,,,,,,,,,,,,,,,,,
-0.068359375,1.006103516,-0.035400391,17.35114504,12.30534351,-11.58015267,,,,,,,,,,,,,,,,,,,,,,,,,,,,,,,,,,,,,
-0.138427734,0.974121094,-0.034912109,16.70229008,17.75572519,-11.57251908,,,,,,,,,,,,,,,,,,,,,,,,,,,,,,,,,,,,,
-0.134277344,1.016113281,-0.050537109,14.85496183,28.21374046,-11.87022901,,,,,,,,,,,,,,,,,,,,,,,,,,,,,,,,,,,,,
-0.244873047,0.974853516,-0.067138672,11.18320611,33.41221374,-11.94656489,,,,,,,,,,,,,,,,,,,,,,,,,,,,,,,,,,,,,
-0.27734375,1.006835938,-0.093994141,6.72519084,37.46564885,-11.61068702,,,,,,,,,,,,,,,,,,,,,,,,,,,,,,,,,,,,,
-0.318847656,0.948730469,-0.088134766,2.938931298,42.90076336,-11.86259542,,,,,,,,,,,,,,,,,,,,,,,,,,,,,,,,,,,,,
-0.287841797,0.948486328,-0.057861328,-2.41221374,51.82442748,-11.70229008,,,,,,,,,,,,,,,,,,,,,,,,,,,,,,,,,,,,,
-0.435058594,0.884765625,-0.145751953,-10.97709924,58.94656489,-11.5648855,,,,,,,,,,,,,,,,,,,,,,,,,,,,,,,,,,,,,
-0.440673828,0.839111328,-0.083740234,-21.96183206,55.11450382,-11.61068702,,,,,,,,,,,,,,,,,,,,,,,,,,,,,,,,,,,,,
-0.330322266,0.717529297,0.002685547,-28.20610687,48.06870229,-11.58015267,,,,,,,,,,,,,,,,,,,,,,,,,,,,,,,,,,,,,
-0.136474609,0.640625,-0.069824219,-36.94656489,50.03053435,-11.8778626,,,,,,,,,,,,,,,,,,,,,,,,,,,,,,,,,,,,,
-0.075927734,0.524902344,0.066894531,-34.47328244,57.1221374,-11.69465649,,,,,,,,,,,,,,,,,,,,,,,,,,,,,,,,,,,,,
-0.061035156,0.402832031,0.191162109,-36.64122137,44.80152672,-11.70992366,,,,,,,,,,,,,,,,,,,,,,,,,,,,,,,,,,,,,
0.177978516,0.260498047,0.265869141,-37.84732824,17.95419847,-11.5648855,,,,,,,,,,,,,,,,,,,,,,,,,,,,,,,,,,,,,
0.340332031,0.029052734,0.203369141,-35.38167939,2.72519084,-11.49618321,,,,,,,,,,,,,,,,,,,,,,,,,,,,,,,,,,,,,
0.396484375,-0.110595703,0.242675781,-26.90839695,0.435114504,-11.61832061,,,,,,,,,,,,,,,,,,,,,,,,,,,,,,,,,,,,,
0.629882813,-0.402587891,0.296142578,-9.72519084,-2.389312977,-11.48854962,,,,,,,,,,,,,,,,,,,,,,,,,,,,,,,,,,,,,
0.812255859,-0.550537109,0.237060547,10.51908397,22.76335878,-11.49618321,,,,,,,,,,,,,,,,,,,,,,,,,,,,,,,,,,,,,
0.892089844,-0.550048828,0.272705078,20.02290076,30.45801527,-11.55725191,,,,,,,,,,,,,,,,,,,,,,,,,,,,,,,,,,,,,
1.055664063,-0.555908203,0.319580078,21.82442748,32.70992366,-13.6259542,,,,,,,,,,,,,,,,,,,,,,,,,,,,,,,,,,,,,
1.207275391,-0.492675781,0.217773438,20.18320611,40.01526718,-11.81679389,,,,,,,,,,,,,,,,,,,,,,,,,,,,,,,,,,,,,
1.366699219,-0.689453125,0.325439453,24.90076336,52.70992366,-11.6259542,,,,,,,,,,,,,,,,,,,,,,,,,,,,,,,,,,,,,
1.401611328,-0.827148438,0.270019531,34.61068702,75.09160305,-11.63358779,,,,,,,,,,,,,,,,,,,,,,,,,,,,,,,,,,,,,
1.522705078,-0.698242188,0.393310547,38.80916031,81.63358779,-11.57251908,,,,,,,,,,,,,,,,,,,,,,,,,,,,,,,,,,,,,
1.677001953,-0.619628906,0.450683594,38.1221374,78.80916031,-11.86259542,,,,,,,,,,,,,,,,,,,,,,,,,,,,,,,,,,,,,
1.718505859,-0.766357422,0.619628906,42.08396947,53.22900763,-11.7480916,,,,,,,,,,,,,,,,,,,,,,,,,,,,,,,,,,,,,
1.787841797,-0.884521484,0.426269531,53.36641221,30.89312977,-11.67938931,,,,,,,,,,,,,,,,,,,,,,,,,,,,,,,,,,,,,
1.734863281,-0.777099609,0.417236328,66.77099237,38.25954198,-13.67175573,,,,,,,,,,,,,,,,,,,,,,,,,,,,,,,,,,,,,
1.656982422,-0.63671875,0.308349609,72.67175573,41.22900763,-11.90839695,,,,,,,,,,,,,,,,,,,,,,,,,,,,,,,,,,,,,
1.453125,-0.538574219,0.347412109,67.50381679,37.34351145,-11.63358779,,,,,,,,,,,,,,,,,,,,,,,,,,,,,,,,,,,,,
1.258789063,-0.443847656,0.396972656,58.18320611,16.91603053,-11.83969466,,,,,,,,,,,,,,,,,,,,,,,,,,,,,,,,,,,,,
1.257080078,-0.44140625,0.303710938,46,-13.5648855,-11.70229008,,,,,,,,,,,,,,,,,,,,,,,,,,,,,,,,,,,,,
1.197021484,-0.472900391,0.371582031,34.06870229,-32.18320611,-13.61832061,,,,,,,,,,,,,,,,,,,,,,,,,,,,,,,,,,,,,
1.263916016,-0.410644531,0.314941406,25.67175573,-48.03053435,-11.4351145,,,,,,,,,,,,,,,,,,,,,,,,,,,,,,,,,,,,,
1.395507813,-0.4453125,0.426513672,22.21374046,-53.87022901,-11.64885496,,,,,,,,,,,,,,,,,,,,,,,,,,,,,,,,,,,,,
1.371826172,-0.534667969,0.497802734,20.60305344,-52.93129771,-11.59541985,,,,,,,,,,,,,,,,,,,,,,,,,,,,,,,,,,,,,
1.328369141,-0.604248047,0.544677734,27.83206107,-50.49618321,-12.05343511,,,,,,,,,,,,,,,,,,,,,,,,,,,,,,,,,,,,,
1.334716797,-0.539550781,0.540771484,37.01526718,-57.95419847,-12.08396947,,,,,,,,,,,,,,,,,,,,,,,,,,,,,,,,,,,,,
1.29296875,-0.496582031,0.481201172,45.2519084,-67.4351145,-11.58778626,,,,,,,,,,,,,,,,,,,,,,,,,,,,,,,,,,,,,
1.205810547,-0.429931641,0.63671875,51.48091603,-72.83206107,-11.64885496,,,,,,,,,,,,,,,,,,,,,,,,,,,,,,,,,,,,,
1.197509766,-0.393310547,0.570800781,58.35114504,-73.39694656,-11.93129771,,,,,,,,,,,,,,,,,,,,,,,,,,,,,,,,,,,,,
0.970458984,-0.368164063,0.457275391,70.19847328,-73.44274809,-11.64122137,,,,,,,,,,,,,,,,,,,,,,,,,,,,,,,,,,,,,
0.749267578,-0.373046875,0.523925781,80.16793893,-78.53435115,-11.55725191,,,,,,,,,,,,,,,,,,,,,,,,,,,,,,,,,,,,,
0.642578125,-0.339111328,0.374267578,92.48091603,-84.66412214,-11.6870229,,,,,,,,,,,,,,,,,,,,,,,,,,,,,,,,,,,,,
0.467041016,-0.239257813,0.314453125,104.8015267,-74.26717557,-13.54961832,,,,,,,,,,,,,,,,,,,,,,,,,,,,,,,,,,,,,
0.185546875,-0.152832031,0.1171875,117.3740458,-47.90839695,-11.79389313,,,,,,,,,,,,,,,,,,,,,,,,,,,,,,,,,,,,,
-0.079101563,0.100097656,0.105712891,132,-28.29007634,-9.877862595,,,,,,,,,,,,,,,,,,,,,,,,,,,,,,,,,,,,,
-0.281494141,0.350097656,-0.135742188,134.1908397,-20.40458015,-11.45801527,,,,,,,,,,,,,,,,,,,,,,,,,,,,,,,,,,,,,
-0.519287109,0.561767578,-0.110595703,125.519084,-27.50381679,-13.63358779,,,,,,,,,,,,,,,,,,,,,,,,,,,,,,,,,,,,,
-0.730224609,0.806396484,-0.26953125,111.610687,-48.50381679,-12.01526718,,,,,,,,,,,,,,,,,,,,,,,,,,,,,,,,,,,,,
-0.830322266,0.963378906,-0.407226563,92.08396947,-77.14503817,-11.67175573,,,,,,,,,,,,,,,,,,,,,,,,,,,,,,,,,,,,,
-0.796386719,1.066162109,-0.492431641,68,-96.65648855,-9.816793893,,,,,,,,,,,,,,,,,,,,,,,,,,,,,,,,,,,,,
-0.624023438,1.013183594,-0.464111328,47.06870229,-84.67938931,-11.58778626,,,,,,,,,,,,,,,,,,,,,,,,,,,,,,,,,,,,,
-0.53125,1.03125,-0.474853516,35.58015267,-59.65648855,-11.66412214,,,,,,,,,,,,,,,,,,,,,,,,,,,,,,,,,,,,,
-0.480712891,1.065429688,-0.382568359,29.29770992,-30.18320611,-11.80152672,,,,,,,,,,,,,,,,,,,,,,,,,,,,,,,,,,,,,
-0.502685547,1.139648438,-0.421875,17.32061069,-7.557251908,-11.69465649,,,,,,,,,,,,,,,,,,,,,,,,,,,,,,,,,,,,,
-0.555175781,1.032470703,-0.31640625,10.22900763,-10.64122137,-11.73282443,,,,,,,,,,,,,,,,,,,,,,,,,,,,,,,,,,,,,
-0.486328125,0.994384766,-0.268554688,6.389312977,-22.94656489,-11.76335878,,,,,,,,,,,,,,,,,,,,,,,,,,,,,,,,,,,,,
-0.295166016,1.020019531,-0.3125,4.267175573,-23.83206107,-13.60305344,,,,,,,,,,,,,,,,,,,,,,,,,,,,,,,,,,,,,
-0.102294922,0.990966797,-0.262207031,5.389312977,-16.26717557,-11.57251908,,,,,,,,,,,,,,,,,,,,,,,,,,,,,,,,,,,,,
-0.099609375,0.977050781,-0.128417969,8.847328244,-3.770992366,-11.54961832,,,,,,,,,,,,,,,,,,,,,,,,,,,,,,,,,,,,,
0.039550781,0.980224609,-0.212646484,11.58778626,8.541984733,-11.97709924,,,,,,,,,,,,,,,,,,,,,,,,,,,,,,,,,,,,,
0.000244141,0.923828125,-0.169921875,14.55725191,2.06870229,-11.69465649,,,,,,,,,,,,,,,,,,,,,,,,,,,,,,,,,,,,,
0.099365234,0.942626953,-0.077148438,18.07633588,-1.190839695,-11.58015267,,,,,,,,,,,,,,,,,,,,,,,,,,,,,,,,,,,,,
0.219726563,0.958496094,-0.075439453,20.66412214,1.053435115,-11.66412214,,,,,,,,,,,,,,,,,,,,,,,,,,,,,,,,,,,,,
0.276123047,0.868652344,-0.0625,24.69465649,6.557251908,-11.67938931,,,,,,,,,,,,,,,,,,,,,,,,,,,,,,,,,,,,,
0.260253906,0.946289063,-0.020019531,29.24427481,11.83969466,-11.6259542,,,,,,,,,,,,,,,,,,,,,,,,,,,,,,,,,,,,,
0.294433594,0.910888672,-0.119384766,32.80916031,22.41221374,-11.74045802,,,,,,,,,,,,,,,,,,,,,,,,,,,,,,,,,,,,,
0.112548828,0.875,-0.0625,34.19847328,23.57251908,-11.7480916,,,,,,,,,,,,,,,,,,,,,,,,,,,,,,,,,,,,,
0.154541016,0.914306641,-0.105957031,34.22900763,11.87022901,-11.75572519,,,,,,,,,,,,,,,,,,,,,,,,,,,,,,,,,,,,,
0.107910156,0.893798828,-0.114257813,34.2519084,2.633587786,-9.893129771,,,,,,,,,,,,,,,,,,,,,,,,,,,,,,,,,,,,,
0.125488281,0.882568359,-0.074462891,34.14503817,-4.778625954,-11.92366412,,,,,,,,,,,,,,,,,,,,,,,,,,,,,,,,,,,,,