0.3203125,0.908447266,0.119873047,18.90076336,-2.541984733,-11.70229008,,x,0.237792969,0.207275391,0.198242188,0.243164063,0.209472656,0.219189453,,y,0.91333008,0.907714844,0.925292969,0.892089844,0.901611328,0.908007813,,z,0.110107422,0.093994141,-0.061523438,0.02734375,0.078613281,0.049707031,,gx,17.24427481,22.77862595,21.92366412,23.8778626,23.4351145,21.8519084,,gy,2.671755725,1.389312977,2.038167939,2.786259542,3.496183206,2.476335878
0.356933594,0.84375,0.056152344,20.0610687,-0.221374046,-11.57251908,,,0.280273438,0.230224609,0.183349609,0.263427734,0.210693359,0.23359375,,,0.90991211,0.940185547,0.930664063,0.928710938,0.927734375,0.927441407,,,0.064453125,0.029296875,0.000976563,0.007324219,0.045654297,0.029541016,,,15.67938931,22.8778626,21.53435115,23.9389313,23.22137405,21.45038168,,,2.244274809,-0.709923664,3.572519084,2.442748092,-1,1.309923664
0.341308594,0.906005859,0.014404297,22.47328244,4.72519084,-11.90076336,,,0.225585938,0.210205078,0.217773438,0.222412109,0.194091797,0.214013672,,,0.88061523,0.895507813,0.948730469,0.905029297,0.939697266,0.913916015,,,0.083984375,0.011962891,-0.005615234,-0.015869141,0.080322266,0.030957031,,,18.9389313,22.74045802,21.90076336,23.9389313,22.84732824,22.07328244,,,3.229007634,-0.977099237,1.473282443,1.129770992,-3.755725191,0.219847328
0.260742188,0.875244141,0.096923828,24.17557252,5.015267176,-11.5648855,,,0.220458984,0.235107422,0.201904297,0.262451172,0.219238281,0.227832031,,,0.92773438,0.942138672,0.914550781,0.930175781,0.919189453,0.926757813,,,0.12109375,0.071289063,-0.0546875,-0.023193359,0.040527344,0.03100586,,,19.74045802,21.6259542,21.74045802,23.90839695,22.90076336,21.98320611,,,3.20610687,1.061068702,0.778625954,-1.709923664,-7.671755725,-0.867175573
0.28125,0.935058594,0.087158203,21.15267176,-1.427480916,-11.67175573,,,0.228759766,0.204101563,0.170654297,0.213867188,0.259277344,0.215332032,,,0.90405273,0.886474609,0.967041016,0.903564453,0.937255859,0.919677733,,,0.121826172,0.010742188,-0.021240234,0.011474609,0.071777344,0.038916016,,,19.97709924,21.63358779,20.72519084,23.85496183,22.96183206,21.83053435,,,3.045801527,4.374045802,1.625954198,-5.824427481,-5.183206107,-0.392366412
0.277832031,0.859863281,0.120117188,19.32824427,-3.58778626,-11.69465649,,,0.250488281,0.199462891,0.193847656,0.251953125,0.286132813,0.236376953,,,0.92089844,0.940917969,0.934570313,0.94921875,0.919433594,0.933007813,,,0.084960938,0.057617188,0.027587891,-0.012939453,0.001708984,0.03178711,,,20.47328244,21.86259542,20.17557252,24.06870229,22.63358779,21.84274809,,,0.236641221,6.083969466,-2.86259542,-2.778625954,-2.335877863,-0.33129771
0.357421875,0.887695313,0.026123047,20.11450382,4.030534351,-11.52671756,,,0.306884766,0.147949219,0.230224609,0.234863281,0.290527344,0.242089844,,,0.88476563,0.907958984,0.939453125,0.912353516,0.946044922,0.918115235,,,0.155273438,0.111083984,-0.045898438,-0.045166016,0.021972656,0.039453125,,,20.54198473,22.48091603,20.09160305,24.74045802,21.42748092,21.85648855,,,-2.534351145,2.58778626,-3.679389313,-0.290076336,2.320610687,-0.319083969
0.284179688,0.866210938,0.046875,22,15.25954198,-13.67175573,,,0.380371094,0.200683594,0.1953125,0.2734375,0.260742188,0.262109375,,,0.89355469,0.937744141,0.921875,0.953613281,0.936035156,0.928564454,,,0.083251953,0.086914063,0.003173828,-0.024658203,0.062988281,0.042333984,,,23.42748092,23.05343511,20.90839695,24.32824427,20.59541985,22.46259542,,,0.816793893,-1.076335878,0.236641221,4.160305344,5.358778626,1.899236641
0.246826172,0.892333984,0.068603516,22.22900763,15.27480916,-11.9389313,,,0.399902344,0.138183594,0.207519531,0.215576172,0.227294922,0.237695313,,,0.86523438,0.893066406,0.964599609,0.912841797,0.94921875,0.916992188,,,0.092773438,0.002441406,-0.054443359,-0.020263672,0.040283203,0.012158203,,,23.40458015,23.59541985,20.5648855,23.64122137,20.13740458,22.26870229,,,7.564885496,-2.763358779,0.580152672,4.267175573,3.511450382,2.632061069
0.203613281,0.916259766,0.092773438,18.96183206,0.061068702,-11.78625954,,,0.405029297,0.205810547,0.196044922,0.173583984,0.219970703,0.240087891,,,0.86010742,0.955322266,0.927001953,0.939697266,0.914794922,0.919384765,,,0.151611328,0.095458984,0.017822266,0.017578125,0.076660156,0.071826172,,,24.91603053,22.95419847,21.41221374,23.22900763,20.12977099,22.52824427,,,6.122137405,-2.648854962,-5.366412214,2.908396947,-0.267175573,0.149618321
0.278564453,0.897705078,0.069824219,14.70229008,-8.183206107,-11.83206107,,,0.428222656,0.200683594,0.291503906,0.192138672,0.290527344,0.280615234,,,0.88012695,0.913330078,0.944335938,0.959228516,0.918212891,0.923046875,,,0.12890625,0.045166016,-0.046875,-0.034667969,0.025390625,0.023583984,,,23.77862595,22.3129771,18.05343511,22.77862595,20.23664122,21.43206107,,,-1.419847328,-3.13740458,-7.595419847,-2.091603053,-6.748091603,-4.198473282
0.312988281,0.904296875,0.072021484,15.09160305,-4.679389313,-11.39694656,,,0.466552734,0.23828125,0.308105469,0.198486328,0.270263672,0.296337891,,,0.81640625,0.914306641,0.886474609,0.9296875,0.915527344,0.892480469,,,0.093017578,0.029785156,-0.029296875,-0.002929688,0.046875,0.027490234,,,22.01526718,21.69465649,17.16793893,22.67175573,20.10687023,20.73129771,,,-7.06870229,-3.694656489,-7.290076336,-5.404580153,-7.083969466,-6.108396947
0.253417969,0.901367188,0.098876953,17.19083969,0.671755725,-9.816793893,,,0.561523438,0.209472656,0.326416016,0.234863281,0.32421875,0.331298828,,,0.78588867,0.909912109,0.879638672,0.941162109,0.919677734,0.887255859,,,0.11328125,0.093261719,-0.007568359,-0.041015625,0.084716797,0.048535156,,,21.72519084,22.13740458,16.21374046,22.60305344,19.81679389,20.49923664,,,-7.778625954,-5.06870229,-7.755725191,-3.381679389,-2.083969466,-5.213740458
0.253417969,0.918457031,0.091308594,18.06870229,4.923664122,-11.58778626,,,0.574462891,0.267333984,0.342285156,0.174072266,0.297119141,0.331054688,,,0.70581055,0.893310547,0.857421875,0.920166016,0.901611328,0.855664063,,,0.056396484,0.102783203,-0.026123047,0.003417969,0.081542969,0.043603516,,,22.13740458,22.53435115,14.24427481,22.44274809,19.75572519,20.22290076,,,-8.610687023,-6.488549618,-7.534351145,-3.633587786,-5.328244275,-6.319083969
0.224609375,0.923339844,0.057861328,18.23664122,4.564885496,-11.84732824,,,0.569335938,0.242919922,0.365478516,0.223388672,0.366699219,0.353564453,,,0.72924805,0.898925781,0.787597656,0.958007813,0.855712891,0.845898438,,,0.066650391,0.071044922,-0.072021484,-0.011230469,0.085205078,0.027929688,,,19.90076336,22.70229008,11.42748092,22.3740458,20.00763359,19.28244275,,,-12.25954198,-9.770992366,-12.61832061,-5.839694656,-14.06870229,-10.91145038
0.237792969,0.913330078,0.110107422,17.24427481,2.671755725,-11.58015267,,,0.535888672,0.285888672,0.438964844,0.212890625,0.464111328,0.387548828,,,0.65795898,0.902587891,0.754394531,0.898681641,0.822998047,0.807324218,,,0.081298828,0.103027344,-0.043457031,-0.040039063,0.041503906,0.028466797,,,16.57251908,22.96183206,7.114503817,22.63358779,20.08396947,17.87328244,,,-15.15267176,-15.59541985,-18.19083969,-5.091603053,-23.86259542,-15.57862595
0.280273438,0.909912109,0.064453125,15.67938931,2.244274809,-11.80152672,,,0.5703125,0.333496094,0.462402344,0.310302734,0.609375,0.457177734,,,0.65820313,0.878662109,0.652587891,0.911621094,0.766845703,0.773583985,,,0.035888672,0.048583984,-0.066162109,-0.025390625,0.058349609,0.010253906,,,11.99236641,22.76335878,0.86259542,23.63358779,18.59541985,15.56946565,,,-11.57251908,-14.38931298,-23.01526718,-2.198473282,-27.82442748,-15.8
0.225585938,0.880615234,0.083984375,18.9389313,3.229007634,-11.40458015,,,0.476318359,0.347900391,0.479980469,0.338378906,0.688720703,0.466259766,,,0.64550781,0.864257813,0.67578125,0.895263672,0.739746094,0.764111328,,,0.009521484,0.075927734,-0.030761719,0.011230469,-0.009277344,0.011328125,,,6.312977099,21.27480916,-6.396946565,24.83969466,16.91603053,12.58931298,,,5.061068702,-13.98473282,-28.98473282,-7.763358779,-33.10687023,-15.75572519
0.220458984,0.927734375,0.12109375,19.74045802,3.20610687,-11.48091603,,,0.445068359,0.3984375,0.478027344,0.4140625,0.721679688,0.491455078,,,0.6081543,0.862548828,0.646972656,0.886962891,0.665039063,0.733935548,,,-0.013671875,0.053710938,-0.066162109,0.03125,0,0.001025391,,,2.259541985,19.83206107,-14.71755725,25.73282443,13.94656489,9.410687025,,,9.679389313,-18.55725191,-37.01526718,-10.69465649,-35.49618321,-18.4167939
0.228759766,0.904052734,0.121826172,19.97709924,3.045801527,-11.61068702,,,0.349365234,0.436523438,0.501464844,0.520751953,0.733154297,0.508251953,,,0.55102539,0.781494141,0.648681641,0.85546875,0.682373047,0.703808594,,,-0.074462891,-0.044677734,-0.138427734,-0.047607422,-0.069335938,-0.074902344,,,-2.34351145,17.29770992,-24.54961832,25.27480916,7.114503817,4.558778625,,,3.305343511,-23.90076336,-33.44274809,-16.23664122,-38.61068702,-21.77709924
0.250488281,0.920898438,0.084960938,20.47328244,0.236641221,-11.66412214,,,0.246337891,0.433349609,0.454345703,0.560546875,0.669189453,0.472753906,,,0.57861328,0.829101563,0.652832031,0.751220703,0.671386719,0.696630859,,,-0.027099609,-0.041992188,-0.080078125,-0.054443359,-0.071289063,-0.054980469,,,-8.870229008,13.4351145,-34.3129771,22.81679389,-3.404580153,-2.067175574,,,-3.610687023,-28.53435115,-25.44274809,-27.08396947,-40.45038168,-25.02442748
0.306884766,0.884765625,0.155273438,20.54198473,-2.534351145,-9.778625954,,,0.155761719,0.471679688,0.419677734,0.616943359,0.706054688,0.474023438,,,0.52246094,0.742431641,0.639404297,0.787597656,0.673828125,0.673144532,,,-0.046386719,0.007568359,-0.123779297,-0.082763672,-0.122070313,-0.073486328,,,-15.80152672,8.335877863,-43.77099237,16.3129771,-15.90839695,-10.16641222,,,-9.480916031,-32.81679389,-14.0610687,-37.60305344,-34.19083969,-25.63053435
0.380371094,0.893554688,0.083251953,23.42748092,0.816793893,-11.61832061,,,0.186279297,0.52734375,0.303710938,0.610107422,0.63671875,0.452832031,,,0.47851563,0.728027344,0.610839844,0.67578125,0.548339844,0.608300782,,,-0.009277344,-0.104248047,-0.063964844,-0.197998047,-0.132568359,-0.101611328,,,-25.71755725,3.763358779,-50.93129771,5.129770992,-34.67938931,-20.4870229,,,-4.083969466,-40.8778626,-6.053435115,-41.09923664,-20.67175573,-22.55725191
0.399902344,0.865234375,0.092773438,23.40458015,7.564885496,-11.74045802,,,0.086425781,0.501708984,0.264404297,0.648193359,0.509521484,0.402050781,,,0.47167969,0.681640625,0.538330078,0.695556641,0.481689453,0.573779297,,,0.052490234,-0.062988281,-0.070068359,-0.199462891,-0.08203125,-0.072412109,,,-31.9389313,-6.709923664,-58.65648855,-8.435114504,-48.02290076,-30.75267176,,,0.954198473,-42.09160305,-4.717557252,-39.20610687,-9.564885496,-18.92519084
0.405029297,0.860107422,0.151611328,24.91603053,6.122137405,-11.47328244,,,-0.039794922,0.561523438,0.260253906,0.565429688,0.336914063,0.336865235,,,0.41088867,0.702636719,0.486083984,0.654541016,0.385009766,0.527832031,,,0.061767578,-0.0234375,-0.081787109,-0.239746094,-0.011962891,-0.059033203,,,-35.81679389,-17.48854962,-67.46564885,-24.89312977,-54.45038168,-40.02290076,,,13.17557252,-31.64122137,-3.503816794,-31.86259542,7.572519084,-9.251908396
0.428222656,0.880126953,0.12890625,23.77862595,-1.419847328,-11.8778626,,,-0.203369141,0.480712891,0.178710938,0.515625,0.175292969,0.229394531,,,0.35400391,0.613769531,0.40625,0.598144531,0.369384766,0.468310548,,,0.075683594,-0.052734375,-0.034179688,-0.182373047,-0.018798828,-0.042480469,,,-40.4351145,-27.70992366,-75.63358779,-39.24427481,-56.83206107,-47.97099237,,,19.49618321,-20.6259542,6.503816794,-22.41221374,21.70992366,0.934351145
0.466552734,0.81640625,0.093017578,22.01526718,-7.06870229,-11.49618321,,,-0.444091797,0.359130859,0.034423828,0.366455078,-0.032470703,0.056689453,,,0.31616211,0.550537109,0.408203125,0.508789063,0.300292969,0.416796875,,,0.150146484,-0.071044922,0.023681641,-0.187988281,0.088378906,0.000634766,,,-44.96183206,-37.0610687,-84.3129771,-57.08396947,-55.35114504,-55.75419847,,,18.49618321,-4.511450382,21.51908397,-10.96946565,21.75572519,9.258015268
0.561523438,0.785888672,0.11328125,21.72519084,-7.778625954,-11.53435115,,,-0.700927734,0.182861328,-0.220458984,0.242431641,-0.217529297,-0.142724609,,,0.26782227,0.49609375,0.384765625,0.487060547,0.235839844,0.374316407,,,0.215332031,-0.006835938,0.011962891,-0.124267578,0.108154297,0.040869141,,,-57.10687023,-42.74045802,-88.45038168,-69.9389313,-52.23664122,-62.09465649,,,9.27480916,8.435114504,36.53435115,2.79389313,10.51908397,13.51145038
0.574462891,0.705810547,0.056396484,22.13740458,-8.610687023,-11.6259542,,,-0.937988281,0.049560547,-0.400634766,0.093505859,-0.398925781,-0.318896484,,,0.21679688,0.487304688,0.334960938,0.455566406,0.283691406,0.355664064,,,0.131835938,-0.038330078,0.125,-0.097412109,0.142822266,0.052783203,,,-67.46564885,-47.57251908,-85.88549618,-76.66412214,-58.88549618,-67.29465649,,,3.335877863,11.22900763,42.05343511,11.90076336,0.832061069,13.87022901
0.569335938,0.729248047,0.066650391,19.90076336,-12.25954198,-11.75572519,,,-1.01953125,-0.115234375,-0.721191406,-0.088134766,-0.583251953,-0.50546875,,,0.1965332,0.430908203,0.244140625,0.379150391,0.287353516,0.307617187,,,0.258300781,-0.037841797,0.202636719,-0.095703125,0.325195313,0.130517578,,,-74.02290076,-52.6259542,-81.60305344,-80.16030534,-70.19847328,-71.7221374,,,0.396946565,0.175572519,32.85496183,13.3740458,1.290076336,9.61832061
0.535888672,0.657958984,0.081298828,16.57251908,-15.15267176,-13.63358779,,,-1.274169922,-0.160888672,-0.957275391,-0.179199219,-0.789794922,-0.672265625,,,0.09375,0.477294922,0.273681641,0.367675781,0.25390625,0.293261719,,,0.245849609,-0.016845703,0.331298828,-0.042236328,0.354248047,0.174462891,,,-76.51145038,-62.01526718,-81.11450382,-88.36641221,-72.86259542,-76.1740458,,,2.251908397,-7.160305344,18.63358779,8.72519084,10.50381679,6.590839695
0.5703125,0.658203125,0.035888672,11.99236641,-11.57251908,-11.89312977,,,-1.276123047,-0.227050781,-1.208740234,-0.248779297,-1.101074219,-0.812353516,,,0.06982422,0.371582031,0.224121094,0.256835938,0.17578125,0.219628907,,,0.244628906,0.063232422,0.448730469,0.033691406,0.304199219,0.218896484,,,-76.80916031,-74.77862595,-83.40458015,-91.5648855,-67.0610687,-78.72366412,,,-0.06870229,-10.66412214,-5.809160305,4.06870229,8.885496183,-0.717557252
0.476318359,0.645507813,0.009521484,6.312977099,5.061068702,-11.38931298,,,-1.449462891,-0.319091797,-1.358886719,-0.344970703,-1.370117188,-0.96850586,,,-0.0222168,0.257324219,0.247802734,0.279052734,0.237304688,0.199853515,,,0.319824219,0.104248047,0.500732422,0.08984375,0.338378906,0.270605469,,,-68.77099237,-88.05343511,-84.42748092,-93.69465649,-60.90839695,-79.17099237,,,-0.122137405,-6.65648855,-28.87022901,9.030534351,-20.54961832,-9.433587787
0.445068359,0.608154297,-0.013671875,2.259541985,9.679389313,-11.77862595,,,-1.813476563,-0.559570313,-1.450683594,-0.57421875,-1.440917969,-1.167773438,,,0.08984375,0.131347656,0.276123047,0.238037109,0.340332031,0.215136719,,,0.489746094,0.119140625,0.46484375,0.215087891,0.3359375,0.324951172,,,-66.03816794,-96.93129771,-80.11450382,-95.57251908,-61.0610687,-79.94351145,,,-51,15.98473282,-39.61068702,20.90839695,-50.67938931,-20.87938931
0.349365234,0.551025391,-0.074462891,-2.34351145,3.305343511,-11.90839695,,,-1.375244141,-0.855224609,-1.169677734,-0.811035156,-1.388916016,-1.120019531,,,0.00634766,0.124023438,0.106689453,0.198242188,0.422851563,0.17163086,,,0.376464844,0.152832031,0.6328125,0.310791016,0.438232422,0.382226563,,,-57.07633588,-96.39694656,-63.67175573,-91.14503817,-67.81679389,-75.22137405,,,-35.05343511,26.80152672,-24.20610687,22.89312977,-65.65648855,-15.04427481
0.246337891,0.578613281,-0.027099609,-8.870229008,-3.610687023,-9.79389313,,,-1.270996094,-1.121337891,-1.227783203,-1.130371094,-1.292480469,-1.20859375,,,0.07617188,0.062988281,0.064453125,0.092773438,0.313964844,0.122070314,,,0.507568359,0.275634766,0.58203125,0.389160156,0.562255859,0.463330078,,,-44.64885496,-99.0610687,-45.55725191,-82.36641221,-69.46564885,-68.21984733,,,-16.97709924,20.76335878,-1.763358779,13.28244275,-70.34351145,-11.00763359
0.155761719,0.522460938,-0.046386719,-15.80152672,-9.480916031,-11.73282443,,,-1.3515625,-1.304443359,-1.317382813,-1.274902344,-1.070068359,-1.263671875,,,0.0690918,0.068847656,0.176269531,0.193115234,0.28125,0.157714844,,,0.57421875,0.301513672,0.738037109,0.408691406,0.668212891,0.538134766,,,-34.55725191,-102.2290076,-34.09923664,-76.28244275,-58.72519084,-61.17862595,,,-8.381679389,9.778625954,-3.335877863,-6.618320611,-38.39694656,-9.390839694
0.186279297,0.478515625,-0.009277344,-25.71755725,-4.083969466,-13.66412214,,,-1.319091797,-1.444824219,-1.345214844,-1.423583984,-0.922119141,-1.290966797,,,0.16479492,0.050537109,0.214111328,0.225585938,0.217041016,0.174414062,,,0.554199219,0.426269531,0.641845703,0.519042969,0.662597656,0.560791016,,,-24.80916031,-100.0992366,-23.58778626,-77.45801527,-42.25954198,-53.64274808,,,-0.06870229,-2.900763359,-12.87022901,-29.8778626,-24.58015267,-14.05954199
0.086425781,0.471679688,0.052490234,-31.9389313,0.954198473,-11.82442748,,,-1.269042969,-1.460205078,-1.248291016,-1.390869141,-1.018798828,-1.277441406,,,0.19311523,-0.015380859,0.298828125,0.242675781,0.359863281,0.215820312,,,0.499267578,0.549072266,0.610595703,0.5859375,0.711669922,0.591308594,,,-14.26717557,-92.53435115,-13.60305344,-80.32824427,-23.3129771,-44.80916031,,,9.374045802,-17.53435115,-8.916030534,-40.08396947,-0.160305344,-11.46412214
-0.039794922,0.410888672,0.061767578,-35.81679389,13.17557252,-11.58778626,,,-1.296875,-1.729980469,-1.241943359,-1.551269531,-1.190673828,-1.402148437,,,0.26049805,0.073242188,0.356201172,0.218261719,0.432861328,0.268212891,,,0.541992188,0.668945313,0.620361328,0.817871094,0.672851563,0.664404297,,,-5.06870229,-81.49618321,-1.41221374,-75.85496183,-10.29007634,-34.82442748,,,14.29770992,-55.77862595,-0.458015267,-78.52671756,5.679389313,-22.95725191
-0.203369141,0.354003906,0.075683594,-40.4351145,19.49618321,-11.51145038,,,-1.447265625,-1.270996094,-1.229003906,-1.212646484,-1.191650391,-1.2703125,,,0.27758789,0.008789063,0.400634766,0.175292969,0.531005859,0.278662109,,,0.484130859,0.693115234,0.575927734,0.599365234,0.582519531,0.587011718,,,1.946564885,-54.38167939,6.374045802,-56.73282443,-6.450381679,-21.84885496,,,7.381679389,-18.96183206,9.435114504,-31.3740458,-2.297709924,-7.163358778
-0.444091797,0.316162109,0.150146484,-44.96183206,18.49618321,-11.71755725,,,-1.417236328,-1.295166016,-1.264648438,-1.226806641,-1.174316406,-1.275634766,,,0.34228516,0.118896484,0.409912109,0.205566406,0.508300781,0.316992188,,,0.568603516,0.748535156,0.595214844,0.768554688,0.590820313,0.654345703,,,0.992366412,-29.32824427,11.46564885,-40.64122137,-4.519083969,-12.40610687,,,1.045801527,-2.519083969,14.94656489,-5.038167939,5.106870229,2.708396948
-0.700927734,0.267822266,0.215332031,-57.10687023,9.27480916,-13.67938931,,,-1.364257813,-1.339355469,-1.302978516,-1.224365234,-1.150634766,-1.27631836,,,0.203125,0.268310547,0.391357422,0.315185547,0.497802734,0.33515625,,,0.682617188,0.728271484,0.575927734,0.76953125,0.635253906,0.678320312,,,6.79389313,-13.06870229,16.40458015,-23.65648855,0.198473282,-2.665648856,,,8.389312977,-7.358778626,15.64885496,0.229007634,15.44274809,6.470229007
-0.937988281,0.216796875,0.131835938,-67.46564885,3.335877863,-11.40458015,,,-1.306640625,-1.336669922,-1.358642578,-1.264160156,-1.188964844,-1.291015625,,,0.1784668,0.370605469,0.378662109,0.377441406,0.467529297,0.354541016,,,0.654052734,0.727783203,0.592529297,0.688476563,0.647705078,0.662109375,,,17.61068702,-3.877862595,20.16793893,-10.54198473,7.778625954,6.227480916,,,18.10687023,-0.396946565,14.79389313,-0.076335878,24.94656489,11.47480916
-1.01953125,0.196533203,0.258300781,-74.02290076,0.396946565,-11.6259542,,,-1.344238281,-1.278320313,-1.272216797,-1.239746094,-1.257568359,-1.278417969,,,0.15429688,0.44140625,0.336669922,0.443847656,0.485107422,0.372265626,,,0.639160156,0.738525391,0.681396484,0.700195313,0.697509766,0.691357422,,,34.67175573,6.816793893,26.84732824,-1.893129771,18.69465649,17.02748092,,,14.15267176,13.46564885,15.98473282,-5.045801527,27.36641221,13.18473282
-1.274169922,0.09375,0.245849609,-76.51145038,2.251908397,-11.72519084,,,-1.343261719,-1.316894531,-1.26953125,-1.24609375,-1.315429688,-1.298242188,,,0.21264648,0.376953125,0.269287109,0.456298828,0.459228516,0.354882812,,,0.685546875,0.704101563,0.620117188,0.708496094,0.754394531,0.69453125,,,48.53435115,17.35877863,38.42748092,5.946564885,28.86259542,27.8259542,,,7.839694656,25.02290076,29.22900763,-3.221374046,23.16030534,16.40610687
-1.276123047,0.069824219,0.244628906,-76.80916031,-0.06870229,-11.70229008,,,-1.369873047,-1.417236328,-1.303710938,-1.223632813,-1.194824219,-1.301855469,,,0.23413086,0.426269531,0.238769531,0.450927734,0.474365234,0.364892578,,,0.695800781,0.825439453,0.619384766,0.702392578,0.721679688,0.712939453,,,58.52671756,25.44274809,51.67175573,15.7480916,40.96183206,38.47022901,,,1.335877863,25.03053435,33.90076336,6.916030534,20.35114504,17.50687023
-1.449462891,-0.022216797,0.319824219,-68.77099237,-0.122137405,-11.70229008,,,-1.354003906,-1.365234375,-1.3125,-1.324707031,-1.200683594,-1.311425781,,,0.23388672,0.368408203,0.29296875,0.409667969,0.403076172,0.341601563,,,0.653320313,0.812011719,0.674072266,0.783691406,0.739990234,0.732617188,,,64.80152672,37.67938931,62.03816794,28.72519084,52,49.04885496,,,-0.290076336,19.35114504,25.52671756,20.67938931,24.71755725,17.99694656
-1.813476563,0.08984375,0.489746094,-66.03816794,-51,-11.59541985,,,-1.280761719,-1.312255859,-1.325683594,-1.377685547,-1.196777344,-1.298632813,,,0.140625,0.281982422,0.300537109,0.374267578,0.419921875,0.303466797,,,0.704589844,0.802490234,0.627197266,0.810302734,0.741455078,0.737207031,,,76.91603053,54.09923664,71.00763359,39.44274809,58.87022901,60.06717557,,,-1.114503817,22.64885496,12.99236641,26.71755725,30.97709924,18.44427481
-1.375244141,0.006347656,0.376464844,-57.07633588,-35.05343511,-11.48854962,,,-1.314697266,-1.381103516,-1.298095703,-1.369628906,-1.129150391,-1.298535156,,,0.09838867,0.291015625,0.307128906,0.265136719,0.359375,0.264208984,,,0.631835938,0.832763672,0.622558594,0.735595703,0.781494141,0.72084961,,,90.05343511,69.00763359,79.16030534,54.33587786,73.48091603,73.20763359,,,-1.045801527,19.05343511,9.27480916,28.40458015,40.61068702,19.25954198
-1.270996094,0.076171875,0.507568359,-44.64885496,-16.97709924,-11.60305344,,,-1.313964844,-1.404296875,-1.225097656,-1.442871094,-1.176513672,-1.312548828,,,0.18579102,0.219726563,0.296875,0.343261719,0.3515625,0.27944336,,,0.483154297,0.749023438,0.520263672,0.789306641,0.674316406,0.643212891,,,102.870229,80.96183206,84.05343511,70,90.51145038,85.67938931,,,-5.977099237,7.832061069,9.633587786,19.12977099,45.74045802,15.27175573
-1.3515625,0.069091797,0.57421875,-34.55725191,-8.381679389,-11.46564885,,,-1.323486328,-1.30078125,-1.198730469,-1.421630859,-1.271240234,-1.303173828,,,0.21362305,0.264648438,0.276367188,0.351318359,0.416748047,0.304541016,,,0.452880859,0.788818359,0.517822266,0.794433594,0.669433594,0.644677734,,,108.480916,92.77862595,92.93129771,78.59541985,100.0229008,94.56183206,,,-22.08396947,6.335877863,11.14503817,9.694656489,40.29007634,9.076335878
-1.319091797,0.164794922,0.554199219,-24.80916031,-0.06870229,-11.59541985,,,-1.155273438,-1.135498047,-1.125244141,-1.276855469,-1.399169922,-1.218408203,,,0.24682617,0.283691406,0.293457031,0.238037109,0.320556641,0.276513671,,,0.471191406,0.717773438,0.409667969,0.734375,0.556396484,0.577880859,,,111.0839695,107.2748092,99.35114504,88.07633588,103.6793893,101.8931298,,,-28.0610687,8.511450382,6.984732824,9.778625954,19.55725191,3.354198474
-1.269042969,0.193115234,0.499267578,-14.26717557,9.374045802,-11.58015267,,,-1.061767578,-1.160888672,-1.139892578,-1.1171875,-1.225830078,-1.141113281,,,0.16088867,0.214355469,0.300537109,0.254882813,0.346923828,0.255517578,,,0.431152344,0.632324219,0.397216797,0.680419922,0.512207031,0.530664063,,,114.7480916,116.4732824,105.1145038,107.389313,106.480916,110.0412214,,,-27.17557252,2.679389313,-5.549618321,23.29770992,2.145038168,-0.920610688
-1.296875,0.260498047,0.541992188,-5.06870229,14.29770992,-11.55725191,,,-1.028808594,-1.172607422,-1.058105469,-1.222167969,-0.882080078,-1.072753906,,,0.19555664,0.217285156,0.358398438,0.258056641,0.280517578,0.261962891,,,0.272460938,0.518798828,0.344482422,0.606445313,0.479492188,0.444335938,,,118.8396947,121.1679389,103.8778626,120.480916,114.0152672,115.6763359,,,-25.66412214,-11.44274809,-9.221374046,15.70229008,-1.427480916,-6.410687022
-1.447265625,0.277587891,0.484130859,1.946564885,7.381679389,-11.61068702,,,-0.864746094,-1.191650391,-0.784667969,-1.385253906,-0.664550781,-0.978173828,,,0.18725586,0.239990234,0.253662109,0.316650391,0.325195313,0.264550781,,,0.124267578,0.419677734,0.282226563,0.519287109,0.353271484,0.339746094,,,115.7709924,126.5114504,101.0687023,120.8931298,124.4427481,117.7374046,,,-23.97709924,-17.64885496,3.641221374,-5.473282443,18.05343511,-5.080916032
-1.417236328,0.342285156,0.568603516,0.992366412,1.045801527,-11.93129771,,,-0.599609375,-0.921630859,-0.678222656,-1.118896484,-0.601806641,-0.784033203,,,0.27758789,0.241455078,0.259765625,0.239990234,0.399414063,0.283642578,,,0.07421875,0.364746094,0.220703125,0.404541016,0.211425781,0.255126953,,,107.7175573,128.4732824,98.95419847,116.870229,127.2442748,115.8519084,,,-9,-17.35114504,8.267175573,-21.8778626,19.8778626,-4.016793893
-1.364257813,0.203125,0.682617188,6.79389313,8.389312977,-11.5648855,,,-0.567871094,-0.867919922,-0.661132813,-0.669189453,-0.673828125,-0.687988281,,,0.30151367,0.295166016,0.248535156,0.179199219,0.451904297,0.295263672,,,0.037841797,0.320800781,0.181396484,0.341552734,0.164794922,0.209277344,,,96.96183206,126.2519084,98.88549618,122.9160305,119.480916,112.8992366,,,-7.251908397,-34.67175573,-4.465648855,3.06870229,12.72519084,-6.11908397
-1.306640625,0.178466797,0.654052734,17.61068702,18.10687023,-11.52671756,,,-0.468017578,-0.640625,-0.624267578,-0.575439453,-0.384521484,-0.538574219,,,0.27124023,0.281005859,0.302246094,0.251464844,0.404785156,0.302148437,,,-0.019775391,0.245117188,0.173583984,0.257324219,0.153076172,0.161865234,,,85.11450382,124.8167939,98.2519084,128.9236641,110.0305344,109.4274809,,,-18.72519084,-32.15267176,-13.78625954,12.94656489,20.67175573,-6.209160304
-1.344238281,0.154296875,0.639160156,34.67175573,14.15267176,-11.64885496,,,-0.376464844,-0.510742188,-0.408203125,-0.622558594,-0.21875,-0.42734375,,,0.21289063,0.153564453,0.259765625,0.247558594,0.351806641,0.245117189,,,-0.087402344,0.116455078,0.104003906,0.047851563,0.057373047,0.04765625,,,72.79389313,124.1221374,90.19083969,127.6564885,105.2671756,104.0061069,,,-25.35877863,-22.15267176,-4.221374046,-0.404580153,6.984732824,-9.030534353
-1.343261719,0.212646484,0.685546875,48.53435115,7.839694656,-11.6870229,,,-0.181396484,-0.333007813,-0.254638672,-0.479248047,-0.008789063,-0.251416016,,,0.2097168,0.196777344,0.233642578,0.3125,0.406005859,0.271728516,,,-0.083740234,0.078125,0.02734375,-0.067382813,0.040283203,-0.001074219,,,60.76335878,120.7938931,83.49618321,115.3969466,98.18320611,95.72671756,,,-35.99236641,-15.70229008,-4.06870229,-12.54198473,9.442748092,-11.77251908
-1.369873047,0.234130859,0.695800781,58.52671756,1.335877863,-11.85496183,,,0.005859375,-0.087890625,-0.014404297,-0.242919922,0.059082031,-0.056054688,,,0.15795898,0.202636719,0.236083984,0.277587891,0.318847656,0.238623046,,,-0.022705078,-0.058837891,-0.000488281,-0.023925781,-0.076660156,-0.036523437,,,52.09923664,112.1679389,76.41221374,97.72519084,93.91603053,86.46412213,,,-43.98473282,-17.29770992,-9.34351145,-20.32061069,14.61068702,-15.26717557
-1.354003906,0.233886719,0.653320313,64.80152672,-0.290076336,-11.74045802,,,0.248046875,0.136474609,0.120849609,0.05859375,0.170410156,0.146875,,,0.15063477,0.213378906,0.243408203,0.287597656,0.360595703,0.251123048,,,0.009521484,-0.143066406,-0.034912109,-0.098876953,-0.014648438,-0.056396484,,,49.76335878,104.4427481,68.85496183,87.63358779,83.95419847,78.92977099,,,-52.24427481,-11.93129771,-9.694656489,-31.95419847,20.48854962,-17.06717557
-1.280761719,0.140625,0.704589844,76.91603053,-1.114503817,-11.70229008,,,0.402587891,0.301757813,0.307128906,0.256591797,0.382324219,0.330078125,,,0.07470703,0.279785156,0.287597656,0.271972656,0.365722656,0.255957031,,,-0.077392578,-0.245849609,-0.049804688,-0.098144531,-0.04296875,-0.102832031,,,50.77862595,93.16030534,59.19847328,80.24427481,71.19083969,70.91450381,,,-56.67175573,0.603053435,-4.290076336,-25.34351145,-1.969465649,-17.53435115
-1.314697266,0.098388672,0.631835938,90.05343511,-1.045801527,-11.60305344,,,0.592285156,0.388183594,0.501464844,0.425537109,0.586669922,0.498828125,,,0.15722656,0.2890625,0.26953125,0.338623047,0.359375,0.282763671,,,-0.036865234,-0.1796875,-0.02734375,-0.142578125,-0.036865234,-0.084667969,,,52.91603053,77.22900763,52.25954198,71.53435115,68.32061069,64.4519084,,,-54.96946565,2.328244275,-25.94656489,-14.83206107,-26.88549618,-24.0610687
-1.313964844,0.185791016,0.483154297,102.870229,-5.977099237,-11.6259542,,,0.840332031,0.583496094,0.808349609,0.599609375,0.777099609,0.721777344,,,0.23754883,0.333984375,0.301025391,0.354248047,0.409179688,0.327197266,,,0.061523438,-0.171875,0.053955078,-0.013671875,-0.114746094,-0.036962891,,,54.83206107,63.27480916,53.64885496,65.35877863,70.6259542,61.5480916,,,-73.55725191,-20.14503817,-52.45038168,-26.90839695,-36.38931298,-41.89007634
-1.323486328,0.213623047,0.452880859,108.480916,-22.08396947,-11.77862595,,,1.172851563,0.844970703,1.066650391,0.800292969,0.950195313,0.966992188,,,0.33886719,0.308349609,0.32421875,0.406982422,0.393798828,0.35444336,,,-0.091064453,-0.248046875,-0.067871094,-0.078125,-0.109619141,-0.118945313,,,63.35877863,56.18320611,60.35877863,63.20610687,75.34351145,63.69007634,,,-72.93129771,-41.98473282,-53.38167939,-27,-37.21374046,-46.50229008
-1.155273438,0.246826172,0.471191406,111.0839695,-28.0610687,-11.83969466,,,1.362792969,1.073486328,1.228271484,0.888427734,1.115478516,1.133691406,,,0.41137695,0.398925781,0.404785156,0.441894531,0.471191406,0.425634765,,,-0.136962891,-0.193359375,-0.117919922,0.021240234,-0.202880859,-0.125976563,,,67.72519084,54.6870229,66.38167939,64.13740458,77.06870229,66,,,-40.32061069,-45.30534351,-43.03053435,-23.72519084,-22.57251908,-34.99083969
-1.061767578,0.160888672,0.431152344,114.7480916,-27.17557252,-11.59541985,,,1.369140625,1.286865234,1.321533203,1.030029297,1.149658203,1.231445312,,,0.51806641,0.46484375,0.547119141,0.466308594,0.564208984,0.512109376,,,-0.193115234,-0.239013672,-0.133300781,-0.030761719,-0.138671875,-0.146972656,,,69.15267176,56.22137405,67.44274809,68.05343511,73.96946565,66.96793893,,,9.41221374,-30.04580153,-16.98473282,-21.53435115,0.175572519,-11.79541985
-1.028808594,0.195556641,0.272460938,118.8396947,-25.66412214,-11.64122137,,,1.319580078,1.339111328,1.324951172,1.201660156,1.104492188,1.257958984,,,0.58276367,0.543945313,0.622802734,0.557861328,0.655517578,0.592578125,,,-0.055908203,-0.244628906,-0.106933594,-0.088623047,-0.161376953,-0.131494141,,,64.87022901,54.24427481,64.14503817,70.98473282,67.00763359,64.25038168,,,37.44274809,1.030534351,14.6870229,-9.083969466,25.61832061,13.9389313
-0.864746094,0.187255859,0.124267578,115.7709924,-23.97709924,-11.45038168,,,1.258544922,1.319580078,1.252197266,1.191894531,1.077392578,1.219921875,,,0.6315918,0.620849609,0.665283203,0.600097656,0.711914063,0.645947266,,,-0.063476563,-0.197021484,-0.1328125,-0.059570313,-0.201416016,-0.130859375,,,56.89312977,50.04580153,58.16030534,71.51908397,57.74045802,58.87175573,,,57.64122137,43.29770992,42.9389313,28.60305344,54.65648855,45.42748092
-0.599609375,0.277587891,0.07421875,107.7175573,-9,-11.55725191,,,1.146972656,1.097167969,1.08203125,1.095947266,0.889404297,1.062304688,,,0.63891602,0.666992188,0.662841797,0.695068359,0.686767578,0.670117188,,,-0.035400391,-0.183837891,-0.068847656,-0.150146484,-0.176513672,-0.122949219,,,49.57251908,41.84732824,51.15267176,67.53435115,49.23664122,51.86870229,,,71.23664122,85.80152672,61.73282443,76.19847328,61.61832061,71.31755725
-0.567871094,0.301513672,0.037841797,96.96183206,-7.251908397,-11.66412214,,,0.968261719,0.875244141,0.951171875,0.833984375,0.784912109,0.882714844,,,0.63647461,0.708251953,0.708984375,0.748779297,0.712158203,0.702929688,,,-0.124023438,-0.111083984,-0.081054688,-0.102050781,-0.146484375,-0.112939453,,,43.14503817,30.67938931,44.88549618,58.84732824,44.45801527,44.40305343,,,69.93129771,88.21374046,68.16793893,97.27480916,64.52671756,77.62290076
-0.468017578,0.271240234,-0.019775391,85.11450382,-18.72519084,-11.50381679,,,0.857177734,0.707519531,0.730957031,0.63671875,0.589599609,0.704394531,,,0.71801758,0.746826172,0.712646484,0.808349609,0.700927734,0.737353516,,,-0.065429688,-0.020507813,-0.020263672,-0.118896484,-0.139404297,-0.072900391,,,35.3129771,19.00763359,34.5648855,48.49618321,41.27480916,35.73129771,,,59,74.27480916,64.03053435,88.80152672,66.39694656,70.50076336
-0.376464844,0.212890625,-0.087402344,72.79389313,-25.35877863,-9.79389313,,,0.726074219,0.577148438,0.579345703,0.458251953,0.474121094,0.562988281,,,0.69897461,0.704589844,0.766357422,0.785644531,0.797851563,0.750683594,,,-0.021972656,-0.069335938,-0.056884766,-0.123291016,-0.152587891,-0.084814453,,,28.73282443,10.8778626,27.02290076,39.25954198,36.32824427,28.44427481,,,47.3740458,56.77862595,50.29770992,65.82442748,48.24427481,53.70381679
-0.181396484,0.209716797,-0.083740234,60.76335878,-35.99236641,-11.59541985,,,0.727783203,0.5390625,0.509277344,0.395996094,0.361083984,0.506640625,,,0.73510742,0.706787109,0.751464844,0.811035156,0.844238281,0.769726562,,,-0.027587891,-0.029541016,-0.046630859,-0.041259766,-0.058837891,-0.040771485,,,23.85496183,5.450381679,20.26717557,31.8778626,27.38167939,21.76641221,,,33.70992366,40.58015267,29.48854962,33.03053435,18.78625954,31.11908397
0.005859375,0.157958984,-0.022705078,52.09923664,-43.98473282,-11.61832061,,,0.660400391,0.478759766,0.444091797,0.384277344,0.393554688,0.472216797,,,0.73486328,0.769287109,0.806640625,0.807861328,0.858398438,0.795410156,,,0.042480469,0.055175781,0.004638672,-0.084472656,-0.083007813,-0.013037109,,,19.71755725,1.366412214,13.78625954,25.55725191,18.25954198,15.73740458,,,25.67938931,22.41221374,15.53435115,4.511450382,-0.465648855,13.53435115
0.248046875,0.150634766,0.009521484,49.76335878,-52.24427481,-9.778625954,,,0.635253906,0.544189453,0.462890625,0.421142578,0.474121094,0.507519531,,,0.7277832,0.754638672,0.809326172,0.829101563,0.873046875,0.798779296,,,-0.020751953,0.071289063,-0.050292969,-0.049804688,-0.124511719,-0.034814453,,,18.64885496,-1.160305344,8.557251908,23.41221374,12.70229008,12.43206107,,,23.83969466,3.992366412,0.809160305,-3.458015267,-9.992366412,3.03816794
0.402587891,0.074707031,-0.077392578,50.77862595,-56.67175573,-11.59541985,,,0.565429688,0.540771484,0.452880859,0.470947266,0.493408203,0.5046875,,,0.75,0.794677734,0.808837891,0.853271484,0.829833984,0.807324219,,,0.005615234,0.104980469,0.024414063,-0.114501953,-0.125976563,-0.02109375,,,19.50381679,-1.534351145,6.381679389,16.3129771,10.1221374,10.15725191,,,21.65648855,3.259541985,-5.167938931,2.748091603,-9.145038168,2.670229008
0.592285156,0.157226563,-0.036865234,52.91603053,-54.96946565,-13.65648855,,,0.532470703,0.604003906,0.501953125,0.414550781,0.480712891,0.506738281,,,0.73999023,0.849365234,0.865966797,0.864013672,0.901855469,0.84423828,,,0.091308594,0.111083984,-0.008300781,0.006103516,-0.059326172,0.028173828,,,16.38931298,-1.969465649,5.503816794,10.41221374,9.442748092,7.955725191,,,16.14503817,7.854961832,-7.404580153,4.923664122,3.511450382,5.006106871
0.840332031,0.237548828,0.061523438,54.83206107,-73.55725191,-9.778625954,,,0.514160156,0.541259766,0.443115234,0.442138672,0.410400391,0.470214844,,,0.79370117,0.834716797,0.854492188,0.896972656,0.901367188,0.85625,,,0.089599609,0.126464844,0.068603516,-0.026123047,-0.046386719,0.042431641,,,14.6259542,-2.335877863,4.946564885,5.480916031,9.564885496,6.45648855,,,9.34351145,21.20610687,-1.748091603,-1.580152672,4.938931298,6.432061069
1.172851563,0.338867188,-0.091064453,63.35877863,-72.93129771,-13.66412214,,,0.514648438,0.490234375,0.461425781,0.472900391,0.376464844,0.463134766,,,0.78930664,0.875976563,0.902832031,0.865478516,0.911865234,0.869091797,,,0.145019531,0.120117188,0.079101563,0.018554688,-0.005615234,0.071435547,,,13.57251908,-2.870229008,4.511450382,4.122137405,7.610687023,5.389312976,,,8.290076336,25.15267176,5.984732824,-2.473282443,2.175572519,7.825954199
1.362792969,0.411376953,-0.136962891,67.72519084,-40.32061069,-11.71755725,,,0.535888672,0.462402344,0.421875,0.465332031,0.417480469,0.460595703,,,0.82788086,0.836669922,0.845214844,0.862304688,0.896484375,0.853710938,,,0.078613281,0.208496094,0.029541016,0.047363281,-0.064208984,0.059960938,,,12.67175573,-1.694656489,5.488549618,5.755725191,6.702290076,5.784732825,,,12.2519084,12.08396947,10.98473282,-1.580152672,0.618320611,6.871755726
1.369140625,0.518066406,-0.193115234,69.15267176,9.41221374,-11.45801527,,,0.485107422,0.479736328,0.399169922,0.484619141,0.397949219,0.449316406,,,0.79077148,0.824462891,0.913574219,0.902099609,0.933837891,0.872949218,,,0.061523438,0.163085938,0.073242188,0.034179688,0.021484375,0.070703125,,,12.67938931,1.79389313,6.381679389,6.977099237,7.328244275,7.032061068,,,17.29770992,5.076335878,10.24427481,0.595419847,4.938931298,7.630534351
1.319580078,0.582763672,-0.055908203,64.87022901,37.44274809,-11.51908397,,,0.432373047,0.478027344,0.345458984,0.441894531,0.37109375,0.413769531,,,0.82543945,0.829345703,0.882080078,0.883056641,0.876464844,0.859277343,,,0.142578125,0.237304688,0.115478516,0.019775391,-0.057128906,0.091601563,,,13.81679389,7.083969466,8.687022901,8.076335878,9.221374046,9.377099236,,,16.51145038,1.801526718,9.389312977,2.366412214,9.236641221,7.861068702
1.258544922,0.631591797,-0.063476563,56.89312977,57.64122137,-11.48854962,,,0.427246094,0.48046875,0.349853516,0.406738281,0.338867188,0.400634766,,,0.81811523,0.811767578,0.866455078,0.926269531,0.899902344,0.864501952,,,0.0703125,0.225341797,0.054199219,0.045654297,0.014160156,0.081933594,,,14.45801527,12.32061069,11.22137405,8.816793893,11.77099237,11.71755725,,,6.297709924,3.251908397,4.534351145,5.496183206,8.465648855,5.609160305
1.146972656,0.638916016,-0.035400391,49.57251908,71.23664122,-11.52671756,,,0.416503906,0.458496094,0.322021484,0.376464844,0.307861328,0.376269531,,,0.82666016,0.817626953,0.891601563,0.876464844,0.861328125,0.854736329,,,0.163330078,0.170898438,0.122314453,0.109130859,-0.02734375,0.107666016,,,15.22900763,15.82442748,11.78625954,10.52671756,13.54198473,13.38167939,,,0.740458015,9.091603053,2.503816794,4.961832061,3.977099237,4.254961832
0.968261719,0.636474609,-0.124023438,43.14503817,69.93129771,-11.51145038,,,0.467285156,0.471435547,,0.360839844,,0.433186849,,,0.83154297,0.850585938,,0.875,,0.852376303,,,0.099121094,0.158691406,,0.061767578,,0.106526693,,,15.51145038,17.32824427,,13.09923664,,15.3129771,,,-3.290076336,7.93129771,,4.122137405,,2.921119593
0.857177734,0.718017578,-0.065429688,35.3129771,59,-11.55725191,,,0.460205078,0.408691406,,,,0.434448242,,,0.85742188,0.821289063,,,,0.839355472,,,0.161132813,0.143798828,,,,0.152465821,,,15.55725191,18.09160305,,,,16.82442748,,,-0.923664122,4.633587786,,,,1.854961832
0.726074219,0.698974609,-0.021972656,28.73282443,47.3740458,-11.64885496,,,0.463378906,0.413330078,,,,0.438354492,,,0.84399414,0.822021484,,,,0.833007812,,,0.062744141,0.174316406,,,,0.118530274,,,15.44274809,18.70229008,,,,17.07251909,,,3.618320611,0.167938931,,,,1.893129771
0.727783203,0.735107422,-0.027587891,23.85496183,33.70992366,-9.832061069,,,,0.479492188,,,,0.479492188,,,,0.859375,,,,0.859375,,,,0.125244141,,,,0.125244141,,,,19.35877863,,,,19.35877863,,,,-0.511450382,,,,-0.511450382
0.660400391,0.734863281,0.042480469,19.71755725,25.67938931,-11.74045802,,,,0.427246094,,,,0.427246094,,,,0.813232422,,,,0.813232422,,,,0.140380859,,,,0.140380859,,,,19.85496183,,,,19.85496183,,,,-0.351145038,,,,-0.351145038
0.635253906,0.727783203,-0.020751953,18.64885496,23.83969466,-11.46564885,,,,0.482421875,,,,0.482421875,,,,0.870361328,,,,0.870361328,,,,0.185302734,,,,0.185302734,,,,19.66412214,,,,19.66412214,,,,0.015267176,,,,0.015267176
0.565429688,0.75,0.005615234,19.50381679,21.65648855,-11.64122137,,,,0.508056641,,,,0.508056641,,,,0.817382813,,,,0.817382813,,,,0.137695313,,,,0.137695313,,,,19.77099237,,,,19.77099237,,,,4.053435115,,,,4.053435115
0.532470703,0.739990234,0.091308594,16.38931298,16.14503817,-11.42748092,,,,0.471435547,,,,0.471435547,,,,0.835205078,,,,0.835205078,,,,0.184814453,,,,0.184814453,,,,17.60305344,,,,17.60305344,,,,10.41221374,,,,10.41221374
0.514160156,0.793701172,0.089599609,14.6259542,9.34351145,-11.61832061,,,,,,,,,,,,,,,,,,,,,,,,,,,,,,,,,,,,,,,,
0.514648438,0.789306641,0.145019531,13.57251908,8.290076336,-11.67175573,,,,,,,,,,,,,,,,,,,,,,,,,,,,,,,,,,,,,,,,
0.535888672,0.827880859,0.078613281,12.67175573,12.2519084,-11.82442748,,,,,,,,,,,,,,,,,,,,,,,,,,,,,,,,,,,,,,,,
0.485107422,0.790771484,0.061523438,12.67938931,17.29770992,-11.64122137,,,,,,,,,,,,,,,,,,,,,,,,,,,,,,,,,,,,,,,,
0.432373047,0.825439453,0.142578125,13.81679389,16.51145038,-9.778625954,,,,,,,,,,,,,,,,,,,,,,,,,,,,,,,,,,,,,,,,
0.427246094,0.818115234,0.0703125,14.45801527,6.297709924,-12.00763359,,,,,,,,,,,,,,,,,,,,,,,,,,,,,,,,,,,,,,,,
0.416503906,0.826660156,0.163330078,15.22900763,0.740458015,-11.73282443,,,,,,,,,,,,,,,,,,,,,,,,,,,,,,,,,,,,,,,,
0.467285156,0.831542969,0.099121094,15.51145038,-3.290076336,-11.58778626,,,,,,,,,,,,,,,,,,,,,,,,,,,,,,,,,,,,,,,,
0.460205078,0.857421875,0.161132813,15.55725191,-0.923664122,-11.60305344,,,,,,,,,,,,,,,,,,,,,,,,,,,,,,,,,,,,,,,,
0.463378906,0.843994141,0.062744141,15.44274809,3.618320611,-11.70992366,,,,,,,,,,,,,,,,,,,,,,,,,,,,,,,,,,,,,,,,
,,,,,,,,,,,,,,,,,,,,,,,,,,,,,,,,,,,,,,,,,,,,,
,,,,,,,,,,,,,,,,,,,,,,,,,,,,,,,,,,,,,,,,,,,,,
0.278564453,0.913330078,0.036132813,17.83969466,15.45038168,-11.64885496,,,,,,,,,,,,,,,,,,,,,,,,,,,,,,,,,,,,,,,,
0.228515625,0.921386719,0.122558594,20.42748092,14.69465649,-11.51908397,,,,,,,,,,,,,,,,,,,,,,,,,,,,,,,,,,,,,,,,
0.23046875,0.951171875,0.064453125,20.16030534,9.221374046,-11.45038168,,,,,,,,,,,,,,,,,,,,,,,,,,,,,,,,,,,,,,,,
0.195800781,0.914306641,0.077880859,20.30534351,1.610687023,-11.61832061,,,,,,,,,,,,,,,,,,,,,,,,,,,,,,,,,,,,,,,,
0.211425781,0.914550781,0.110107422,20.82442748,-2.389312977,-11.83206107,,,,,,,,,,,,,,,,,,,,,,,,,,,,,,,,,,,,,,,,
0.236572266,0.938476563,0.120849609,21.38167939,-1.34351145,-11.52671756,,,,,,,,,,,,,,,,,,,,,,,,,,,,,,,,,,,,,,,,
0.27734375,0.899658203,0.059570313,21.58015267,0.061068702,-11.54961832,,,,,,,,,,,,,,,,,,,,,,,,,,,,,,,,,,,,,,,,
0.219482422,0.922363281,0.030517578,22.26717557,2.893129771,-11.54198473,,,,,,,,,,,,,,,,,,,,,,,,,,,,,,,,,,,,,,,,
0.207275391,0.907714844,0.093994141,22.77862595,1.389312977,-11.67175573,,,,,,,,,,,,,,,,,,,,,,,,,,,,,,,,,,,,,,,,
0.230224609,0.940185547,0.029296875,22.8778626,-0.709923664,-11.7480916,,,,,,,,,,,,,,,,,,,,,,,,,,,,,,,,,,,,,,,,
0.210205078,0.895507813,0.011962891,22.74045802,-0.977099237,-11.67175573,,,,,,,,,,,,,,,,,,,,,,,,,,,,,,,,,,,,,,,,
0.235107422,0.942138672,0.071289063,21.6259542,1.061068702,-13.59541985,,,,,,,,,,,,,,,,,,,,,,,,,,,,,,,,,,,,,,,,
0.204101563,0.886474609,0.010742188,21.63358779,4.374045802,-11.55725191,,,,,,,,,,,,,,,,,,,,,,,,,,,,,,,,,,,,,,,,
0.199462891,0.940917969,0.057617188,21.86259542,6.083969466,-11.57251908,,,,,,,,,,,,,,,,,,,,,,,,,,,,,,,,,,,,,,,,
0.147949219,0.907958984,0.111083984,22.48091603,2.58778626,-11.95419847,,,,,,,,,,,,,,,,,,,,,,,,,,,,,,,,,,,,,,,,
0.200683594,0.937744141,0.086914063,23.05343511,-1.076335878,-13.66412214,,,,,,,,,,,,,,,,,,,,,,,,,,,,,,,,,,,,,,,,
0.138183594,0.893066406,0.002441406,23.59541985,-2.763358779,-11.82442748,,,,,,,,,,,,,,,,,,,,,,,,,,,,,,,,,,,,,,,,
0.205810547,0.955322266,0.095458984,22.95419847,-2.648854962,-11.54961832,,,,,,,,,,,,,,,,,,,,,,,,,,,,,,,,,,,,,,,,
0.200683594,0.913330078,0.045166016,22.3129771,-3.13740458,-11.71755725,,,,,,,,,,,,,,,,,,,,,,,,,,,,,,,,,,,,,,,,
0.23828125,0.914306641,0.029785156,21.69465649,-3.694656489,-13.58778626,,,,,,,,,,,,,,,,,,,,,,,,,,,,,,,,,,,,,,,,
0.209472656,0.909912109,0.093261719,22.13740458,-5.06870229,-9.778625954,,,,,,,,,,,,,,,,,,,,,,,,,,,,,,,,,,,,,,,,
0.267333984,0.893310547,0.102783203,22.53435115,-6.488549618,-11.41984733,,,,,,,,,,,,,,,,,,,,,,,,,,,,,,,,,,,,,,,,
0.242919922,0.898925781,0.071044922,22.70229008,-9.770992366,-11.48854962,,,,,,,,,,,,,,,,,,,,,,,,,,,,,,,,,,,,,,,,
0.285888672,0.902587891,0.103027344,22.96183206,-15.59541985,-11.88549618,,,,,,,,,,,,,,,,,,,,,,,,,,,,,,,,,,,,,,,,
0.333496094,0.878662109,0.048583984,22.76335878,-14.38931298,-11.70229008,,,,,,,,,,,,,,,,,,,,,,,,,,,,,,,,,,,,,,,,
0.347900391,0.864257813,0.075927734,21.27480916,-13.98473282,-11.45038168,,,,,,,,,,,,,,,,,,,,,,,,,,,,,,,,,,,,,,,,
0.3984375,0.862548828,0.053710938,19.83206107,-18.55725191,-11.4351145,,,,,,,,,,,,,,,,,,,,,,,,,,,,,,,,,,,,,,,,
0.436523438,0.781494141,-0.044677734,17.29770992,-23.90076336,-11.51145038,,,,,,,,,,,,,,,,,,,,,,,,,,,,,,,,,,,,,,,,
0.433349609,0.829101563,-0.041992188,13.4351145,-28.53435115,-11.83206107,,,,,,,,,,,,,,,,,,,,,,,,,,,,,,,,,,,,,,,,
0.471679688,0.742431641,0.007568359,8.335877863,-32.81679389,-11.40458015,,,,,,,,,,,,,,,,,,,,,,,,,,,,,,,,,,,,,,,,
0.52734375,0.728027344,-0.104248047,3.763358779,-40.8778626,-11.54198473,,,,,,,,,,,,,,,,,,,,,,,,,,,,,,,,,,,,,,,,
0.501708984,0.681640625,-0.062988281,-6.709923664,-42.09160305,-11.70992366,,,,,,,,,,,,,,,,,,,,,,,,,,,,,,,,,,,,,,,,
0.561523438,0.702636719,-0.0234375,-17.48854962,-31.64122137,-11.69465649,,,,,,,,,,,,,,,,,,,,,,,,,,,,,,,,,,,,,,,,
0.480712891,0.613769531,-0.052734375,-27.70992366,-20.6259542,-11.59541985,,,,,,,,,,,,,,,,,,,,,,,,,,,,,,,,,,,,,,,,
0.359130859,0.550537109,-0.071044922,-37.0610687,-4.511450382,-11.87022901,,,,,,,,,,,,,,,,,,,,,,,,,,,,,,,,,,,,,,,,
0.182861328,0.49609375,-0.006835938,-42.74045802,8.435114504,-11.77099237,,,,,,,,,,,,,,,,,,,,,,,,,,,,,,,,,,,,,,,,
0.049560547,0.487304688,-0.038330078,-47.57251908,11.22900763,-11.59541985,,,,,,,,,,,,,,,,,,,,,,,,,,,,,,,,,,,,,,,,
-0.115234375,0.430908203,-0.037841797,-52.6259542,0.175572519,-11.58015267,,,,,,,,,,,,,,,,,,,,,,,,,,,,,,,,,,,,,,,,
-0.160888672,0.477294922,-0.016845703,-62.01526718,-7.160305344,-11.55725191,,,,,,,,,,,,,,,,,,,,,,,,,,,,,,,,,,,,,,,,
-0.227050781,0.371582031,0.063232422,-74.77862595,-10.66412214,-11.42748092,,,,,,,,,,,,,,,,,,,,,,,,,,,,,,,,,,,,,,,,
-0.319091797,0.257324219,0.104248047,-88.05343511,-6.65648855,-11.54198473,,,,,,,,,,,,,,,,,,,,,,,,,,,,,,,,,,,,,,,,
-0.559570313,0.131347656,0.119140625,-96.93129771,15.98473282,-11.51145038,,,,,,,,,,,,,,,,,,,,,,,,,,,,,,,,,,,,,,,,
-0.855224609,0.124023438,0.152832031,-96.39694656,26.80152672,-13.66412214,,,,,,,,,,,,,,,,,,,,,,,,,,,,,,,,,,,,,,,,
-1.121337891,0.062988281,0.275634766,-99.0610687,20.76335878,-11.52671756,,,,,,,,,,,,,,,,,,,,,,,,,,,,,,,,,,,,,,,,
-1.304443359,0.068847656,0.301513672,-102.2290076,9.778625954,-11.66412214,,,,,,,,,,,,,,,,,,,,,,,,,,,,,,,,,,,,,,,,
-1.444824219,0.050537109,0.426269531,-100.0992366,-2.900763359,-11.80916031,,,,,,,,,,,,,,,,,,,,,,,,,,,,,,,,,,,,,,,,
-1.460205078,-0.015380859,0.549072266,-92.53435115,-17.53435115,-11.8778626,,,,,,,,,,,,,,,,,,,,,,,,,,,,,,,,,,,,,,,,
-1.729980469,0.073242188,0.668945313,-81.49618321,-55.77862595,-11.76335878,,,,,,,,,,,,,,,,,,,,,,,,,,,,,,,,,,,,,,,,
-1.270996094,0.008789063,0.693115234,-54.38167939,-18.96183206,-11.6870229,,,,,,,,,,,,,,,,,,,,,,,,,,,,,,,,,,,,,,,,
-1.295166016,0.118896484,0.748535156,-29.32824427,-2.519083969,-11.83969466,,,,,,,,,,,,,,,,,,,,,,,,,,,,,,,,,,,,,,,,
-1.339355469,0.268310547,0.728271484,-13.06870229,-7.358778626,-11.66412214,,,,,,,,,,,,,,,,,,,,,,,,,,,,,,,,,,,,,,,,
-1.336669922,0.370605469,0.727783203,-3.877862595,-0.396946565,-13.65648855,,,,,,,,,,,,,,,,,,,,,,,,,,,,,,,,,,,,,,,,
-1.278320313,0.44140625,0.738525391,6.816793893,13.46564885,-9.778625954,,,,,,,,,,,,,,,,,,,,,,,,,,,,,,,,,,,,,,,,
-1.316894531,0.376953125,0.704101563,17.35877863,25.02290076,-11.64885496,,,,,,,,,,,,,,,,,,,,,,,,,,,,,,,,,,,,,,,,
-1.417236328,0.426269531,0.825439453,25.44274809,25.03053435,-11.76335878,,,,,,,,,,,,,,,,,,,,,,,,,,,,,,,,,,,,,,,,
-1.365234375,0.368408203,0.812011719,37.67938931,19.35114504,-11.73282443,,,,,,,,,,,,,,,,,,,,,,,,,,,,,,,,,,,,,,,,
-1.312255859,0.281982422,0.802490234,54.09923664,22.64885496,-11.53435115,,,,,,,,,,,,,,,,,,,,,,,,,,,,,,,,,,,,,,,,
-1.381103516,0.291015625,0.832763672,69.00763359,19.05343511,-13.64122137,,,,,,,,,,,,,,,,,,,,,,,,,,,,,,,,,,,,,,,,
-1.404296875,0.219726563,0.749023438,80.96183206,7.832061069,-11.70992366,,,,,,,,,,,,,,,,,,,,,,,,,,,,,,,,,,,,,,,,
-1.30078125,0.264648438,0.788818359,92.77862595,6.335877863,-13.66412214,,,,,,,,,,,,,,,,,,,,,,,,,,,,,,,,,,,,,,,,
-1.135498047,0.283691406,0.717773438,107.2748092,8.511450382,-11.35877863,,,,,,,,,,,,,,,,,,,,,,,,,,,,,,,,,,,,,,,,
-1.160888672,0.214355469,0.632324219,116.4732824,2.679389313,-11.70229008,,,,,,,,,,,,,,,,,,,,,,,,,,,,,,,,,,,,,,,,
-1.172607422,0.217285156,0.518798828,121.1679389,-11.44274809,-11.64885496,,,,,,,,,,,,,,,,,,,,,,,,,,,,,,,,,,,,,,,,
-1.191650391,0.239990234,0.419677734,126.5114504,-17.64885496,-11.75572519,,,,,,,,,,,,,,,,,,,,,,,,,,,,,,,,,,,,,,,,
-0.921630859,0.241455078,0.364746094,128.4732824,-17.35114504,-11.6870229,,,,,,,,,,,,,,,,,,,,,,,,,,,,,,,,,,,,,,,,
-0.867919922,0.295166016,0.320800781,126.2519084,-34.67175573,-11.53435115,,,,,,,,,,,,,,,,,,,,,,,,,,,,,,,,,,,,,,,,
-0.640625,0.281005859,0.245117188,124.8167939,-32.15267176,-11.48854962,,,,,,,,,,,,,,,,,,,,,,,,,,,,,,,,,,,,,,,,
-0.510742188,0.153564453,0.116455078,124.1221374,-22.15267176,-11.70229008,,,,,,,,,,,,,,,,,,,,,,,,,,,,,,,,,,,,,,,,
-0.333007813,0.196777344,0.078125,120.7938931,-15.70229008,-11.77099237,,,,,,,,,,,,,,,,,,,,,,,,,,,,,,,,,,,,,,,,
-0.087890625,0.202636719,-0.058837891,112.1679389,-17.29770992,-11.61068702,,,,,,,,,,,,,,,,,,,,,,,,,,,,,,,,,,,,,,,,
0.136474609,0.213378906,-0.143066406,104.4427481,-11.93129771,-11.45801527,,,,,,,,,,,,,,,,,,,,,,,,,,,,,,,,,,,,,,,,
0.301757813,0.279785156,-0.245849609,93.16030534,0.603053435,-11.66412214,,,,,,,,,,,,,,,,,,,,,,,,,,,,,,,,,,,,,,,,
0.388183594,0.2890625,-0.1796875,77.22900763,2.328244275,-11.70229008,,,,,,,,,,,,,,,,,,,,,,,,,,,,,,,,,,,,,,,,
0.583496094,0.333984375,-0.171875,63.27480916,-20.14503817,-11.72519084,,,,,,,,,,,,,,,,,,,,,,,,,,,,,,,,,,,,,,,,
0.844970703,0.308349609,-0.248046875,56.18320611,-41.98473282,-11.66412214,,,,,,,,,,,,,,,,,,,,,,,,,,,,,,,,,,,,,,,,
1.073486328,0.398925781,-0.193359375,54.6870229,-45.30534351,-11.83206107,,,,,,,,,,,,,,,,,,,,,,,,,,,,,,,,,,,,,,,,
1.286865234,0.46484375,-0.239013672,56.22137405,-30.04580153,-13.63358779,,,,,,,,,,,,,,,,,,,,,,,,,,,,,,,,,,,,,,,,
1.339111328,0.543945313,-0.244628906,54.24427481,1.030534351,-11.64122137,,,,,,,,,,,,,,,,,,,,,,,,,,,,,,,,,,,,,,,,
1.319580078,0.620849609,-0.197021484,50.04580153,43.29770992,-11.79389313,,,,,,,,,,,,,,,,,,,,,,,,,,,,,,,,,,,,,,,,
1.097167969,0.666992188,-0.183837891,41.84732824,85.80152672,-13.64885496,,,,,,,,,,,,,,,,,,,,,,,,,,,,,,,,,,,,,,,,
0.875244141,0.708251953,-0.111083984,30.67938931,88.21374046,-11.66412214,,,,,,,,,,,,,,,,,,,,,,,,,,,,,,,,,,,,,,,,
0.707519531,0.746826172,-0.020507813,19.00763359,74.27480916,-9.839694656,,,,,,,,,,,,,,,,,,,,,,,,,,,,,,,,,,,,,,,,
0.577148438,0.704589844,-0.069335938,10.8778626,56.77862595,-11.60305344,,,,,,,,,,,,,,,,,,,,,,,,,,,,,,,,,,,,,,,,
0.5390625,0.706787109,-0.029541016,5.450381679,40.58015267,-11.6259542,,,,,,,,,,,,,,,,,,,,,,,,,,,,,,,,,,,,,,,,
0.478759766,0.769287109,0.055175781,1.366412214,22.41221374,-11.59541985,,,,,,,,,,,,,,,,,,,,,,,,,,,,,,,,,,,,,,,,
0.544189453,0.754638672,0.071289063,-1.160305344,3.992366412,-11.64885496,,,,,,,,,,,,,,,,,,,,,,,,,,,,,,,,,,,,,,,,
0.540771484,0.794677734,0.104980469,-1.534351145,3.259541985,-11.55725191,,,,,,,,,,,,,,,,,,,,,,,,,,,,,,,,,,,,,,,,
0.604003906,0.849365234,0.111083984,-1.969465649,7.854961832,-11.90839695,,,,,,,,,,,,,,,,,,,,,,,,,,,,,,,,,,,,,,,,
0.541259766,0.834716797,0.126464844,-2.335877863,21.20610687,-11.54961832,,,,,,,,,,,,,,,,,,,,,,,,,,,,,,,,,,,,,,,,
0.490234375,0.875976563,0.120117188,-2.870229008,25.15267176,-11.79389313,,,,,,,,,,,,,,,,,,,,,,,,,,,,,,,,,,,,,,,,
0.462402344,0.836669922,0.208496094,-1.694656489,12.08396947,-11.63358779,,,,,,,,,,,,,,,,,,,,,,,,,,,,,,,,,,,,,,,,
0.479736328,0.824462891,0.163085938,1.79389313,5.076335878,-11.71755725,,,,,,,,,,,,,,,,,,,,,,,,,,,,,,,,,,,,,,,,
0.478027344,0.829345703,0.237304688,7.083969466,1.801526718,-11.48091603,,,,,,,,,,,,,,,,,,,,,,,,,,,,,,,,,,,,,,,,
0.48046875,0.811767578,0.225341797,12.32061069,3.251908397,-11.45801527,,,,,,,,,,,,,,,,,,,,,,,,,,,,,,,,,,,,,,,,
0.458496094,0.817626953,0.170898438,15.82442748,9.091603053,-11.64122137,,,,,,,,,,,,,,,,,,,,,,,,,,,,,,,,,,,,,,,,
0.471435547,0.850585938,0.158691406,17.32824427,7.93129771,-13.57251908,,,,,,,,,,,,,,,,,,,,,,,,,,,,,,,,,,,,,,,,
0.408691406,0.821289063,0.143798828,18.09160305,4.633587786,-11.90839695,,,,,,,,,,,,,,,,,,,,,,,,,,,,,,,,,,,,,,,,
0.413330078,0.822021484,0.174316406,18.70229008,0.167938931,-11.47328244,,,,,,,,,,,,,,,,,,,,,,,,,,,,,,,,,,,,,,,,
0.479492188,0.859375,0.125244141,19.35877863,-0.511450382,-11.48091603,,,,,,,,,,,,,,,,,,,,,,,,,,,,,,,,,,,,,,,,
0.427246094,0.813232422,0.140380859,19.85496183,-0.351145038,-11.52671756,,,,,,,,,,,,,,,,,,,,,,,,,,,,,,,,,,,,,,,,
0.482421875,0.870361328,0.185302734,19.66412214,0.015267176,-11.90076336,,,,,,,,,,,,,,,,,,,,,,,,,,,,,,,,,,,,,,,,
0.508056641,0.817382813,0.137695313,19.77099237,4.053435115,-11.98473282,,,,,,,,,,,,,,,,,,,,,,,,,,,,,,,,,,,,,,,,
0.471435547,0.835205078,0.184814453,17.60305344,10.41221374,-11.53435115,,,,,,,,,,,,,,,,,,,,,,,,,,,,,,,,,,,,,,,,
,,,,,,,,,,,,,,,,,,,,,,,,,,,,,,,,,,,,,,,,,,,,,
,,,,,,,,,,,,,,,,,,,,,,,,,,,,,,,,,,,,,,,,,,,,,
0.223876953,0.926513672,0.03125,21.83969466,-2.20610687,-11.60305344,,,,,,,,,,,,,,,,,,,,,,,,,,,,,,,,,,,,,,,,
0.279541016,0.935302734,-0.010253906,22.5648855,-1.320610687,-11.90839695,,,,,,,,,,,,,,,,,,,,,,,,,,,,,,,,,,,,,,,,
0.234130859,0.901611328,-0.039306641,22.9389313,1.72519084,-13.64122137,,,,,,,,,,,,,,,,,,,,,,,,,,,,,,,,,,,,,,,,
0.23046875,0.923339844,0.011230469,23.11450382,-0.41221374,-9.839694656,,,,,,,,,,,,,,,,,,,,,,,,,,,,,,,,,,,,,,,,
0.223144531,0.902099609,0.023193359,23.54961832,0.480916031,-11.65648855,,,,,,,,,,,,,,,,,,,,,,,,,,,,,,,,,,,,,,,,
0.221679688,0.938720703,-0.000244141,24.22900763,1.717557252,-11.65648855,,,,,,,,,,,,,,,,,,,,,,,,,,,,,,,,,,,,,,,,
0.202392578,0.908447266,0.016113281,24.10687023,1.175572519,-11.67175573,,,,,,,,,,,,,,,,,,,,,,,,,,,,,,,,,,,,,,,,
0.230224609,0.943603516,-0.056396484,23.49618321,0.648854962,-11.65648855,,,,,,,,,,,,,,,,,,,,,,,,,,,,,,,,,,,,,,,,
0.173339844,0.912597656,-0.053466797,23.48091603,-1.541984733,-11.45038168,,,,,,,,,,,,,,,,,,,,,,,,,,,,,,,,,,,,,,,,
0.208740234,0.949462891,-0.005126953,22.99236641,-0.022900763,-11.6870229,,,,,,,,,,,,,,,,,,,,,,,,,,,,,,,,,,,,,,,,
0.200683594,0.919677734,-0.045898438,22.40458015,-2.282442748,-9.885496183,,,,,,,,,,,,,,,,,,,,,,,,,,,,,,,,,,,,,,,,
0.213623047,0.930175781,-0.007324219,21.83969466,1.229007634,-11.89312977,,,,,,,,,,,,,,,,,,,,,,,,,,,,,,,,,,,,,,,,
0.198242188,0.925292969,-0.061523438,21.92366412,2.038167939,-11.60305344,,,,,,,,,,,,,,,,,,,,,,,,,,,,,,,,,,,,,,,,
0.183349609,0.930664063,0.000976563,21.53435115,3.572519084,-11.77099237,,,,,,,,,,,,,,,,,,,,,,,,,,,,,,,,,,,,,,,,
0.217773438,0.948730469,-0.005615234,21.90076336,1.473282443,-11.83969466,,,,,,,,,,,,,,,,,,,,,,,,,,,,,,,,,,,,,,,,
0.201904297,0.914550781,-0.0546875,21.74045802,0.778625954,-11.67175573,,,,,,,,,,,,,,,,,,,,,,,,,,,,,,,,,,,,,,,,
0.170654297,0.967041016,-0.021240234,20.72519084,1.625954198,-9.809160305,,,,,,,,,,,,,,,,,,,,,,,,,,,,,,,,,,,,,,,,
0.193847656,0.934570313,0.027587891,20.17557252,-2.86259542,-13.58778626,,,,,,,,,,,,,,,,,,,,,,,,,,,,,,,,,,,,,,,,
0.230224609,0.939453125,-0.045898438,20.09160305,-3.679389313,-12.10687023,,,,,,,,,,,,,,,,,,,,,,,,,,,,,,,,,,,,,,,,
0.1953125,0.921875,0.003173828,20.90839695,0.236641221,-11.6870229,,,,,,,,,,,,,,,,,,,,,,,,,,,,,,,,,,,,,,,,
0.207519531,0.964599609,-0.054443359,20.5648855,0.580152672,-11.91603053,,,,,,,,,,,,,,,,,,,,,,,,,,,,,,,,,,,,,,,,
0.196044922,0.927001953,0.017822266,21.41221374,-5.366412214,-11.48091603,,,,,,,,,,,,,,,,,,,,,,,,,,,,,,,,,,,,,,,,
0.291503906,0.944335938,-0.046875,18.05343511,-7.595419847,-11.73282443,,,,,,,,,,,,,,,,,,,,,,,,,,,,,,,,,,,,,,,,
0.308105469,0.886474609,-0.029296875,17.16793893,-7.290076336,-9.778625954,,,,,,,,,,,,,,,,,,,,,,,,,,,,,,,,,,,,,,,,
0.326416016,0.879638672,-0.007568359,16.21374046,-7.755725191,-11.57251908,,,,,,,,,,,,,,,,,,,,,,,,,,,,,,,,,,,,,,,,
0.342285156,0.857421875,-0.026123047,14.24427481,-7.534351145,-13.67938931,,,,,,,,,,,,,,,,,,,,,,,,,,,,,,,,,,,,,,,,
0.365478516,0.787597656,-0.072021484,11.42748092,-12.61832061,-11.78625954,,,,,,,,,,,,,,,,,,,,,,,,,,,,,,,,,,,,,,,,
0.438964844,0.754394531,-0.043457031,7.114503817,-18.19083969,-11.96946565,,,,,,,,,,,,,,,,,,,,,,,,,,,,,,,,,,,,,,,,
0.462402344,0.652587891,-0.066162109,0.86259542,-23.01526718,-11.45038168,,,,,,,,,,,,,,,,,,,,,,,,,,,,,,,,,,,,,,,,
0.479980469,0.67578125,-0.030761719,-6.396946565,-28.98473282,-11.75572519,,,,,,,,,,,,,,,,,,,,,,,,,,,,,,,,,,,,,,,,
0.478027344,0.646972656,-0.066162109,-14.71755725,-37.01526718,-11.64885496,,,,,,,,,,,,,,,,,,,,,,,,,,,,,,,,,,,,,,,,
0.501464844,0.648681641,-0.138427734,-24.54961832,-33.44274809,-11.57251908,,,,,,,,,,,,,,,,,,,,,,,,,,,,,,,,,,,,,,,,
0.454345703,0.652832031,-0.080078125,-34.3129771,-25.44274809,-11.54198473,,,,,,,,,,,,,,,,,,,,,,,,,,,,,,,,,,,,,,,,
0.419677734,0.639404297,-0.123779297,-43.77099237,-14.0610687,-11.52671756,,,,,,,,,,,,,,,,,,,,,,,,,,,,,,,,,,,,,,,,
0.303710938,0.610839844,-0.063964844,-50.93129771,-6.053435115,-11.59541985,,,,,,,,,,,,,,,,,,,,,,,,,,,,,,,,,,,,,,,,
0.264404297,0.538330078,-0.070068359,-58.65648855,-4.717557252,-11.86259542,,,,,,,,,,,,,,,,,,,,,,,,,,,,,,,,,,,,,,,,
0.260253906,0.486083984,-0.081787109,-67.46564885,-3.503816794,-11.50381679,,,,,,,,,,,,,,,,,,,,,,,,,,,,,,,,,,,,,,,,
0.178710938,0.40625,-0.034179688,-75.63358779,6.503816794,-11.69465649,,,,,,,,,,,,,,,,,,,,,,,,,,,,,,,,,,,,,,,,
0.034423828,0.408203125,0.023681641,-84.3129771,21.51908397,-11.66412214,,,,,,,,,,,,,,,,,,,,,,,,,,,,,,,,,,,,,,,,
-0.220458984,0.384765625,0.011962891,-88.45038168,36.53435115,-11.65648855,,,,,,,,,,,,,,,,,,,,,,,,,,,,,,,,,,,,,,,,
-0.400634766,0.334960938,0.125,-85.88549618,42.05343511,-11.70992366,,,,,,,,,,,,,,,,,,,,,,,,,,,,,,,,,,,,,,,,
-0.721191406,0.244140625,0.202636719,-81.60305344,32.85496183,-11.6870229,,,,,,,,,,,,,,,,,,,,,,,,,,,,,,,,,,,,,,,,
-0.957275391,0.273681641,0.331298828,-81.11450382,18.63358779,-9.816793893,,,,,,,,,,,,,,,,,,,,,,,,,,,,,,,,,,,,,,,,
-1.208740234,0.224121094,0.448730469,-83.40458015,-5.809160305,-9.824427481,,,,,,,,,,,,,,,,,,,,,,,,,,,,,,,,,,,,,,,,
-1.358886719,0.247802734,0.500732422,-84.42748092,-28.87022901,-11.78625954,,,,,,,,,,,,,,,,,,,,,,,,,,,,,,,,,,,,,,,,
-1.450683594,0.276123047,0.46484375,-80.11450382,-39.61068702,-11.51908397,,,,,,,,,,,,,,,,,,,,,,,,,,,,,,,,,,,,,,,,
-1.169677734,0.106689453,0.6328125,-63.67175573,-24.20610687,-11.58015267,,,,,,,,,,,,,,,,,,,,,,,,,,,,,,,,,,,,,,,,
-1.227783203,0.064453125,0.58203125,-45.55725191,-1.763358779,-13.61068702,,,,,,,,,,,,,,,,,,,,,,,,,,,,,,,,,,,,,,,,
-1.317382813,0.176269531,0.738037109,-34.09923664,-3.335877863,-11.53435115,,,,,,,,,,,,,,,,,,,,,,,,,,,,,,,,,,,,,,,,
-1.345214844,0.214111328,0.641845703,-23.58778626,-12.87022901,-11.63358779,,,,,,,,,,,,,,,,,,,,,,,,,,,,,,,,,,,,,,,,
-1.248291016,0.298828125,0.610595703,-13.60305344,-8.916030534,-13.67938931,,,,,,,,,,,,,,,,,,,,,,,,,,,,,,,,,,,,,,,,
-1.241943359,0.356201172,0.620361328,-1.41221374,-0.458015267,-11.60305344,,,,,,,,,,,,,,,,,,,,,,,,,,,,,,,,,,,,,,,,
-1.229003906,0.400634766,0.575927734,6.374045802,9.435114504,-9.778625954,,,,,,,,,,,,,,,,,,,,,,,,,,,,,,,,,,,,,,,,
-1.264648438,0.409912109,0.595214844,11.46564885,14.94656489,-13.66412214,,,,,,,,,,,,,,,,,,,,,,,,,,,,,,,,,,,,,,,,
-1.302978516,0.391357422,0.575927734,16.40458015,15.64885496,-13.66412214,,,,,,,,,,,,,,,,,,,,,,,,,,,,,,,,,,,,,,,,
-1.358642578,0.378662109,0.592529297,20.16793893,14.79389313,-11.61832061,,,,,,,,,,,,,,,,,,,,,,,,,,,,,,,,,,,,,,,,
-1.272216797,0.336669922,0.681396484,26.84732824,15.98473282,-11.83969466,,,,,,,,,,,,,,,,,,,,,,,,,,,,,,,,,,,,,,,,
-1.26953125,0.269287109,0.620117188,38.42748092,29.22900763,-11.44274809,,,,,,,,,,,,,,,,,,,,,,,,,,,,,,,,,,,,,,,,
-1.303710938,0.238769531,0.619384766,51.67175573,33.90076336,-11.67938931,,,,,,,,,,,,,,,,,,,,,,,,,,,,,,,,,,,,,,,,
-1.3125,0.29296875,0.674072266,62.03816794,25.52671756,-11.61832061,,,,,,,,,,,,,,,,,,,,,,,,,,,,,,,,,,,,,,,,
-1.325683594,0.300537109,0.627197266,71.00763359,12.99236641,-13.65648855,,,,,,,,,,,,,,,,,,,,,,,,,,,,,,,,,,,,,,,,
-1.298095703,0.307128906,0.622558594,79.16030534,9.27480916,-11.72519084,,,,,,,,,,,,,,,,,,,,,,,,,,,,,,,,,,,,,,,,
-1.225097656,0.296875,0.520263672,84.05343511,9.633587786,-11.90076336,,,,,,,,,,,,,,,,,,,,,,,,,,,,,,,,,,,,,,,,
-1.198730469,0.276367188,0.517822266,92.93129771,11.14503817,-11.48091603,,,,,,,,,,,,,,,,,,,,,,,,,,,,,,,,,,,,,,,,
-1.125244141,0.293457031,0.409667969,99.35114504,6.984732824,-11.49618321,,,,,,,,,,,,,,,,,,,,,,,,,,,,,,,,,,,,,,,,
-1.139892578,0.300537109,0.397216797,105.1145038,-5.549618321,-11.61832061,,,,,,,,,,,,,,,,,,,,,,,,,,,,,,,,,,,,,,,,
-1.058105469,0.358398438,0.344482422,103.8778626,-9.221374046,-11.55725191,,,,,,,,,,,,,,,,,,,,,,,,,,,,,,,,,,,,,,,,
-0.784667969,0.253662109,0.282226563,101.0687023,3.641221374,-11.53435115,,,,,,,,,,,,,,,,,,,,,,,,,,,,,,,,,,,,,,,,
-0.678222656,0.259765625,0.220703125,98.95419847,8.267175573,-13.66412214,,,,,,,,,,,,,,,,,,,,,,,,,,,,,,,,,,,,,,,,
-0.661132813,0.248535156,0.181396484,98.88549618,-4.465648855,-11.60305344,,,,,,,,,,,,,,,,,,,,,,,,,,,,,,,,,,,,,,,,
-0.624267578,0.302246094,0.173583984,98.2519084,-13.78625954,-11.64122137,,,,,,,,,,,,,,,,,,,,,,,,,,,,,,,,,,,,,,,,
-0.408203125,0.259765625,0.104003906,90.19083969,-4.221374046,-11.49618321,,,,,,,,,,,,,,,,,,,,,,,,,,,,,,,,,,,,,,,,
-0.254638672,0.233642578,0.02734375,83.49618321,-4.06870229,-11.88549618,,,,,,,,,,,,,,,,,,,,,,,,,,,,,,,,,,,,,,,,
-0.014404297,0.236083984,-0.000488281,76.41221374,-9.34351145,-11.90839695,,,,,,,,,,,,,,,,,,,,,,,,,,,,,,,,,,,,,,,,
0.120849609,0.243408203,-0.034912109,68.85496183,-9.694656489,-11.60305344,,,,,,,,,,,,,,,,,,,,,,,,,,,,,,,,,,,,,,,,
0.307128906,0.287597656,-0.049804688,59.19847328,-4.290076336,-11.6259542,,,,,,,,,,,,,,,,,,,,,,,,,,,,,,,,,,,,,,,,
0.501464844,0.26953125,-0.02734375,52.25954198,-25.94656489,-11.55725191,,,,,,,,,,,,,,,,,,,,,,,,,,,,,,,,,,,,,,,,
0.808349609,0.301025391,0.053955078,53.64885496,-52.45038168,-11.76335878,,,,,,,,,,,,,,,,,,,,,,,,,,,,,,,,,,,,,,,,
1.066650391,0.32421875,-0.067871094,60.35877863,-53.38167939,-11.70992366,,,,,,,,,,,,,,,,,,,,,,,,,,,,,,,,,,,,,,,,
1.228271484,0.404785156,-0.117919922,66.38167939,-43.03053435,-11.35114504,,,,,,,,,,,,,,,,,,,,,,,,,,,,,,,,,,,,,,,,
1.321533203,0.547119141,-0.133300781,67.44274809,-16.98473282,-11.67938931,,,,,,,,,,,,,,,,,,,,,,,,,,,,,,,,,,,,,,,,
1.324951172,0.622802734,-0.106933594,64.14503817,14.6870229,-9.801526718,,,,,,,,,,,,,,,,,,,,,,,,,,,,,,,,,,,,,,,,
1.252197266,0.665283203,-0.1328125,58.16030534,42.9389313,-11.80152672,,,,,,,,,,,,,,,,,,,,,,,,,,,,,,,,,,,,,,,,
1.08203125,0.662841797,-0.068847656,51.15267176,61.73282443,-11.66412214,,,,,,,,,,,,,,,,,,,,,,,,,,,,,,,,,,,,,,,,
0.951171875,0.708984375,-0.081054688,44.88549618,68.16793893,-11.51145038,,,,,,,,,,,,,,,,,,,,,,,,,,,,,,,,,,,,,,,,
0.730957031,0.712646484,-0.020263672,34.5648855,64.03053435,-11.70229008,,,,,,,,,,,,,,,,,,,,,,,,,,,,,,,,,,,,,,,,
0.579345703,0.766357422,-0.056884766,27.02290076,50.29770992,-9.832061069,,,,,,,,,,,,,,,,,,,,,,,,,,,,,,,,,,,,,,,,
0.509277344,0.751464844,-0.046630859,20.26717557,29.48854962,-13.61068702,,,,,,,,,,,,,,,,,,,,,,,,,,,,,,,,,,,,,,,,
0.444091797,0.806640625,0.004638672,13.78625954,15.53435115,-11.77862595,,,,,,,,,,,,,,,,,,,,,,,,,,,,,,,,,,,,,,,,
0.462890625,0.809326172,-0.050292969,8.557251908,0.809160305,-11.86259542,,,,,,,,,,,,,,,,,,,,,,,,,,,,,,,,,,,,,,,,
0.452880859,0.808837891,0.024414063,6.381679389,-5.167938931,-11.54198473,,,,,,,,,,,,,,,,,,,,,,,,,,,,,,,,,,,,,,,,
0.501953125,0.865966797,-0.008300781,5.503816794,-7.404580153,-9.801526718,,,,,,,,,,,,,,,,,,,,,,,,,,,,,,,,,,,,,,,,
0.443115234,0.854492188,0.068603516,4.946564885,-1.748091603,-11.59541985,,,,,,,,,,,,,,,,,,,,,,,,,,,,,,,,,,,,,,,,
0.461425781,0.902832031,0.079101563,4.511450382,5.984732824,-11.81679389,,,,,,,,,,,,,,,,,,,,,,,,,,,,,,,,,,,,,,,,
0.421875,0.845214844,0.029541016,5.488549618,10.98473282,-13.64885496,,,,,,,,,,,,,,,,,,,,,,,,,,,,,,,,,,,,,,,,
0.399169922,0.913574219,0.073242188,6.381679389,10.24427481,-11.24427481,,,,,,,,,,,,,,,,,,,,,,,,,,,,,,,,,,,,,,,,
0.345458984,0.882080078,0.115478516,8.687022901,9.389312977,-11.50381679,,,,,,,,,,,,,,,,,,,,,,,,,,,,,,,,,,,,,,,,
0.349853516,0.866455078,0.054199219,11.22137405,4.534351145,-11.49618321,,,,,,,,,,,,,,,,,,,,,,,,,,,,,,,,,,,,,,,,
0.322021484,0.891601563,0.122314453,11.78625954,2.503816794,-11.58778626,,,,,,,,,,,,,,,,,,,,,,,,,,,,,,,,,,,,,,,,
,,,,,,,,,,,,,,,,,,,,,,,,,,,,,,,,,,,,,,,,,,,,,
,,,,,,,,,,,,,,,,,,,,,,,,,,,,,,,,,,,,,,,,,,,,,
0.298583984,0.9296875,-0.036865234,24.73282443,-1.267175573,-11.67938931,,,,,,,,,,,,,,,,,,,,,,,,,,,,,,,,,,,,,,,,
0.264648438,0.900634766,-0.007080078,24.4351145,0.496183206,-11.58778626,,,,,,,,,,,,,,,,,,,,,,,,,,,,,,,,,,,,,,,,
0.263183594,0.89453125,-0.018310547,24.07633588,3.900763359,-11.67175573,,,,,,,,,,,,,,,,,,,,,,,,,,,,,,,,,,,,,,,,
0.263916016,0.880126953,-0.014648438,24.08396947,1.610687023,-11.58015267,,,,,,,,,,,,,,,,,,,,,,,,,,,,,,,,,,,,,,,,
0.243164063,0.892089844,0.02734375,23.8778626,2.786259542,-11.44274809,,,,,,,,,,,,,,,,,,,,,,,,,,,,,,,,,,,,,,,,
0.263427734,0.928710938,0.007324219,23.9389313,2.442748092,-11.47328244,,,,,,,,,,,,,,,,,,,,,,,,,,,,,,,,,,,,,,,,
0.222412109,0.905029297,-0.015869141,23.9389313,1.129770992,-11.35114504,,,,,,,,,,,,,,,,,,,,,,,,,,,,,,,,,,,,,,,,
0.262451172,0.930175781,-0.023193359,23.90839695,-1.709923664,-11.70229008,,,,,,,,,,,,,,,,,,,,,,,,,,,,,,,,,,,,,,,,
0.213867188,0.903564453,0.011474609,23.85496183,-5.824427481,-11.61832061,,,,,,,,,,,,,,,,,,,,,,,,,,,,,,,,,,,,,,,,
0.251953125,0.94921875,-0.012939453,24.06870229,-2.778625954,-11.38931298,,,,,,,,,,,,,,,,,,,,,,,,,,,,,,,,,,,,,,,,
0.234863281,0.912353516,-0.045166016,24.74045802,-0.290076336,-9.801526718,,,,,,,,,,,,,,,,,,,,,,,,,,,,,,,,,,,,,,,,
0.2734375,0.953613281,-0.024658203,24.32824427,4.160305344,-11.80152672,,,,,,,,,,,,,,,,,,,,,,,,,,,,,,,,,,,,,,,,
0.215576172,0.912841797,-0.020263672,23.64122137,4.267175573,-11.64122137,,,,,,,,,,,,,,,,,,,,,,,,,,,,,,,,,,,,,,,,
0.173583984,0.939697266,0.017578125,23.22900763,2.908396947,-11.67938931,,,,,,,,,,,,,,,,,,,,,,,,,,,,,,,,,,,,,,,,
0.192138672,0.959228516,-0.034667969,22.77862595,-2.091603053,-11.64122137,,,,,,,,,,,,,,,,,,,,,,,,,,,,,,,,,,,,,,,,
0.198486328,0.9296875,-0.002929688,22.67175573,-5.404580153,-11.88549618,,,,,,,,,,,,,,,,,,,,,,,,,,,,,,,,,,,,,,,,
0.234863281,0.941162109,-0.041015625,22.60305344,-3.381679389,-11.57251908,,,,,,,,,,,,,,,,,,,,,,,,,,,,,,,,,,,,,,,,
0.174072266,0.920166016,0.003417969,22.44274809,-3.633587786,-11.98473282,,,,,,,,,,,,,,,,,,,,,,,,,,,,,,,,,,,,,,,,
0.223388672,0.958007813,-0.011230469,22.3740458,-5.839694656,-11.42748092,,,,,,,,,,,,,,,,,,,,,,,,,,,,,,,,,,,,,,,,
0.212890625,0.898681641,-0.040039063,22.63358779,-5.091603053,-11.85496183,,,,,,,,,,,,,,,,,,,,,,,,,,,,,,,,,,,,,,,,
0.310302734,0.911621094,-0.025390625,23.63358779,-2.198473282,-11.79389313,,,,,,,,,,,,,,,,,,,,,,,,,,,,,,,,,,,,,,,,
0.338378906,0.895263672,0.011230469,24.83969466,-7.763358779,-11.90076336,,,,,,,,,,,,,,,,,,,,,,,,,,,,,,,,,,,,,,,,
0.4140625,0.886962891,0.03125,25.73282443,-10.69465649,-11.57251908,,,,,,,,,,,,,,,,,,,,,,,,,,,,,,,,,,,,,,,,
0.520751953,0.85546875,-0.047607422,25.27480916,-16.23664122,-11.83206107,,,,,,,,,,,,,,,,,,,,,,,,,,,,,,,,,,,,,,,,
0.560546875,0.751220703,-0.054443359,22.81679389,-27.08396947,-11.77099237,,,,,,,,,,,,,,,,,,,,,,,,,,,,,,,,,,,,,,,,
0.616943359,0.787597656,-0.082763672,16.3129771,-37.60305344,-11.73282443,,,,,,,,,,,,,,,,,,,,,,,,,,,,,,,,,,,,,,,,
0.610107422,0.67578125,-0.197998047,5.129770992,-41.09923664,-11.75572519,,,,,,,,,,,,,,,,,,,,,,,,,,,,,,,,,,,,,,,,
0.648193359,0.695556641,-0.199462891,-8.435114504,-39.20610687,-11.64122137,,,,,,,,,,,,,,,,,,,,,,,,,,,,,,,,,,,,,,,,
0.565429688,0.654541016,-0.239746094,-24.89312977,-31.86259542,-11.5648855,,,,,,,,,,,,,,,,,,,,,,,,,,,,,,,,,,,,,,,,
0.515625,0.598144531,-0.182373047,-39.24427481,-22.41221374,-9.847328244,,,,,,,,,,,,,,,,,,,,,,,,,,,,,,,,,,,,,,,,
0.366455078,0.508789063,-0.187988281,-57.08396947,-10.96946565,-11.61068702,,,,,,,,,,,,,,,,,,,,,,,,,,,,,,,,,,,,,,,,
0.242431641,0.487060547,-0.124267578,-69.9389313,2.79389313,-11.63358779,,,,,,,,,,,,,,,,,,,,,,,,,,,,,,,,,,,,,,,,
0.093505859,0.455566406,-0.097412109,-76.66412214,11.90076336,-11.57251908,,,,,,,,,,,,,,,,,,,,,,,,,,,,,,,,,,,,,,,,
-0.088134766,0.379150391,-0.095703125,-80.16030534,13.3740458,-11.66412214,,,,,,,,,,,,,,,,,,,,,,,,,,,,,,,,,,,,,,,,
-0.179199219,0.367675781,-0.042236328,-88.36641221,8.72519084,-11.66412214,,,,,,,,,,,,,,,,,,,,,,,,,,,,,,,,,,,,,,,,
-0.248779297,0.256835938,0.033691406,-91.5648855,4.06870229,-11.73282443,,,,,,,,,,,,,,,,,,,,,,,,,,,,,,,,,,,,,,,,
-0.344970703,0.279052734,0.08984375,-93.69465649,9.030534351,-13.65648855,,,,,,,,,,,,,,,,,,,,,,,,,,,,,,,,,,,,,,,,
-0.57421875,0.238037109,0.215087891,-95.57251908,20.90839695,-11.86259542,,,,,,,,,,,,,,,,,,,,,,,,,,,,,,,,,,,,,,,,
-0.811035156,0.198242188,0.310791016,-91.14503817,22.89312977,-11.61832061,,,,,,,,,,,,,,,,,,,,,,,,,,,,,,,,,,,,,,,,
-1.130371094,0.092773438,0.389160156,-82.36641221,13.28244275,-11.61068702,,,,,,,,,,,,,,,,,,,,,,,,,,,,,,,,,,,,,,,,
-1.274902344,0.193115234,0.408691406,-76.28244275,-6.618320611,-11.65648855,,,,,,,,,,,,,,,,,,,,,,,,,,,,,,,,,,,,,,,,
-1.423583984,0.225585938,0.519042969,-77.45801527,-29.8778626,-11.7480916,,,,,,,,,,,,,,,,,,,,,,,,,,,,,,,,,,,,,,,,
-1.390869141,0.242675781,0.5859375,-80.32824427,-40.08396947,-11.48854962,,,,,,,,,,,,,,,,,,,,,,,,,,,,,,,,,,,,,,,,
-1.551269531,0.218261719,0.817871094,-75.85496183,-78.52671756,-11.7480916,,,,,,,,,,,,,,,,,,,,,,,,,,,,,,,,,,,,,,,,
-1.212646484,0.175292969,0.599365234,-56.73282443,-31.3740458,-11.75572519,,,,,,,,,,,,,,,,,,,,,,,,,,,,,,,,,,,,,,,,
-1.226806641,0.205566406,0.768554688,-40.64122137,-5.038167939,-12.09160305,,,,,,,,,,,,,,,,,,,,,,,,,,,,,,,,,,,,,,,,
-1.224365234,0.315185547,0.76953125,-23.65648855,0.229007634,-9.79389313,,,,,,,,,,,,,,,,,,,,,,,,,,,,,,,,,,,,,,,,
-1.264160156,0.377441406,0.688476563,-10.54198473,-0.076335878,-11.58778626,,,,,,,,,,,,,,,,,,,,,,,,,,,,,,,,,,,,,,,,
-1.239746094,0.443847656,0.700195313,-1.893129771,-5.045801527,-12.03053435,,,,,,,,,,,,,,,,,,,,,,,,,,,,,,,,,,,,,,,,
-1.24609375,0.456298828,0.708496094,5.946564885,-3.221374046,-11.41984733,,,,,,,,,,,,,,,,,,,,,,,,,,,,,,,,,,,,,,,,
-1.223632813,0.450927734,0.702392578,15.7480916,6.916030534,-11.49618321,,,,,,,,,,,,,,,,,,,,,,,,,,,,,,,,,,,,,,,,
-1.324707031,0.409667969,0.783691406,28.72519084,20.67938931,-11.83969466,,,,,,,,,,,,,,,,,,,,,,,,,,,,,,,,,,,,,,,,
-1.377685547,0.374267578,0.810302734,39.44274809,26.71755725,-11.77862595,,,,,,,,,,,,,,,,,,,,,,,,,,,,,,,,,,,,,,,,
-1.369628906,0.265136719,0.735595703,54.33587786,28.40458015,-11.50381679,,,,,,,,,,,,,,,,,,,,,,,,,,,,,,,,,,,,,,,,
-1.442871094,0.343261719,0.789306641,70,19.12977099,-11.9389313,,,,,,,,,,,,,,,,,,,,,,,,,,,,,,,,,,,,,,,,
-1.421630859,0.351318359,0.794433594,78.59541985,9.694656489,-11.54198473,,,,,,,,,,,,,,,,,,,,,,,,,,,,,,,,,,,,,,,,
-1.276855469,0.238037109,0.734375,88.07633588,9.778625954,-11.66412214,,,,,,,,,,,,,,,,,,,,,,,,,,,,,,,,,,,,,,,,
-1.1171875,0.254882813,0.680419922,107.389313,23.29770992,-11.79389313,,,,,,,,,,,,,,,,,,,,,,,,,,,,,,,,,,,,,,,,
-1.222167969,0.258056641,0.606445313,120.480916,15.70229008,-11.80152672,,,,,,,,,,,,,,,,,,,,,,,,,,,,,,,,,,,,,,,,
-1.385253906,0.316650391,0.519287109,120.8931298,-5.473282443,-11.57251908,,,,,,,,,,,,,,,,,,,,,,,,,,,,,,,,,,,,,,,,
-1.118896484,0.239990234,0.404541016,116.870229,-21.8778626,-11.50381679,,,,,,,,,,,,,,,,,,,,,,,,,,,,,,,,,,,,,,,,
-0.669189453,0.179199219,0.341552734,122.9160305,3.06870229,-11.52671756,,,,,,,,,,,,,,,,,,,,,,,,,,,,,,,,,,,,,,,,
-0.575439453,0.251464844,0.257324219,128.9236641,12.94656489,-11.67938931,,,,,,,,,,,,,,,,,,,,,,,,,,,,,,,,,,,,,,,,
-0.622558594,0.247558594,0.047851563,127.6564885,-0.404580153,-11.54961832,,,,,,,,,,,,,,,,,,,,,,,,,,,,,,,,,,,,,,,,
-0.479248047,0.3125,-0.067382813,115.3969466,-12.54198473,-11.54961832,,,,,,,,,,,,,,,,,,,,,,,,,,,,,,,,,,,,,,,,
-0.242919922,0.277587891,-0.023925781,97.72519084,-20.32061069,-11.58778626,,,,,,,,,,,,,,,,,,,,,,,,,,,,,,,,,,,,,,,,
0.05859375,0.287597656,-0.098876953,87.63358779,-31.95419847,-11.8778626,,,,,,,,,,,,,,,,,,,,,,,,,,,,,,,,,,,,,,,,
0.256591797,0.271972656,-0.098144531,80.24427481,-25.34351145,-11.83206107,,,,,,,,,,,,,,,,,,,,,,,,,,,,,,,,,,,,,,,,
0.425537109,0.338623047,-0.142578125,71.53435115,-14.83206107,-11.58015267,,,,,,,,,,,,,,,,,,,,,,,,,,,,,,,,,,,,,,,,
0.599609375,0.354248047,-0.013671875,65.35877863,-26.90839695,-11.90076336,,,,,,,,,,,,,,,,,,,,,,,,,,,,,,,,,,,,,,,,
0.800292969,0.406982422,-0.078125,63.20610687,-27,-11.66412214,,,,,,,,,,,,,,,,,,,,,,,,,,,,,,,,,,,,,,,,
0.888427734,0.441894531,0.021240234,64.13740458,-23.72519084,-9.877862595,,,,,,,,,,,,,,,,,,,,,,,,,,,,,,,,,,,,,,,,
1.030029297,0.466308594,-0.030761719,68.05343511,-21.53435115,-11.92366412,,,,,,,,,,,,,,,,,,,,,,,,,,,,,,,,,,,,,,,,
1.201660156,0.557861328,-0.088623047,70.98473282,-9.083969466,-11.64885496,,,,,,,,,,,,,,,,,,,,,,,,,,,,,,,,,,,,,,,,
1.191894531,0.600097656,-0.059570313,71.51908397,28.60305344,-13.66412214,,,,,,,,,,,,,,,,,,,,,,,,,,,,,,,,,,,,,,,,
1.095947266,0.695068359,-0.150146484,67.53435115,76.19847328,-13.64122137,,,,,,,,,,,,,,,,,,,,,,,,,,,,,,,,,,,,,,,,
0.833984375,0.748779297,-0.102050781,58.84732824,97.27480916,-11.72519084,,,,,,,,,,,,,,,,,,,,,,,,,,,,,,,,,,,,,,,,
0.63671875,0.808349609,-0.118896484,48.49618321,88.80152672,-13.65648855,,,,,,,,,,,,,,,,,,,,,,,,,,,,,,,,,,,,,,,,
0.458251953,0.785644531,-0.123291016,39.25954198,65.82442748,-11.41221374,,,,,,,,,,,,,,,,,,,,,,,,,,,,,,,,,,,,,,,,
0.395996094,0.811035156,-0.041259766,31.8778626,33.03053435,-11.65648855,,,,,,,,,,,,,,,,,,,,,,,,,,,,,,,,,,,,,,,,
0.384277344,0.807861328,-0.084472656,25.55725191,4.511450382,-11.90076336,,,,,,,,,,,,,,,,,,,,,,,,,,,,,,,,,,,,,,,,
0.421142578,0.829101563,-0.049804688,23.41221374,-3.458015267,-11.85496183,,,,,,,,,,,,,,,,,,,,,,,,,,,,,,,,,,,,,,,,
0.470947266,0.853271484,-0.114501953,16.3129771,2.748091603,-9.816793893,,,,,,,,,,,,,,,,,,,,,,,,,,,,,,,,,,,,,,,,
0.414550781,0.864013672,0.006103516,10.41221374,4.923664122,-11.81679389,,,,,,,,,,,,,,,,,,,,,,,,,,,,,,,,,,,,,,,,
0.442138672,0.896972656,-0.026123047,5.480916031,-1.580152672,-11.77862595,,,,,,,,,,,,,,,,,,,,,,,,,,,,,,,,,,,,,,,,
0.472900391,0.865478516,0.018554688,4.122137405,-2.473282443,-11.48854962,,,,,,,,,,,,,,,,,,,,,,,,,,,,,,,,,,,,,,,,
0.465332031,0.862304688,0.047363281,5.755725191,-1.580152672,-9.786259542,,,,,,,,,,,,,,,,,,,,,,,,,,,,,,,,,,,,,,,,
0.484619141,0.902099609,0.034179688,6.977099237,0.595419847,-11.64885496,,,,,,,,,,,,,,,,,,,,,,,,,,,,,,,,,,,,,,,,
0.441894531,0.883056641,0.019775391,8.076335878,2.366412214,-11.35114504,,,,,,,,,,,,,,,,,,,,,,,,,,,,,,,,,,,,,,,,
0.406738281,0.926269531,0.045654297,8.816793893,5.496183206,-11.52671756,,,,,,,,,,,,,,,,,,,,,,,,,,,,,,,,,,,,,,,,
0.376464844,0.876464844,0.109130859,10.52671756,4.961832061,-11.65648855,,,,,,,,,,,,,,,,,,,,,,,,,,,,,,,,,,,,,,,,
0.360839844,0.875,0.061767578,13.09923664,4.122137405,-11.67938931,,,,,,,,,,,,,,,,,,,,,,,,,,,,,,,,,,,,,,,,
,,,,,,,,,,,,,,,,,,,,,,,,,,,,,,,,,,,,,,,,,,,,,
,,,,,,,,,,,,,,,,,,,,,,,,,,,,,,,,,,,,,,,,,,,,,
0.193847656,0.913574219,0.108886719,24.19083969,4.41221374,-11.34351145,,,,,,,,,,,,,,,,,,,,,,,,,,,,,,,,,,,,,,,,
0.192626953,0.953125,0.078369141,22.82442748,-0.679389313,-11.61068702,,,,,,,,,,,,,,,,,,,,,,,,,,,,,,,,,,,,,,,,
0.198486328,0.911376953,0.075927734,22.15267176,-2.34351145,-11.81679389,,,,,,,,,,,,,,,,,,,,,,,,,,,,,,,,,,,,,,,,
0.265136719,0.910888672,0.025146484,22.10687023,0.015267176,-11.41221374,,,,,,,,,,,,,,,,,,,,,,,,,,,,,,,,,,,,,,,,
0.226806641,0.8984375,0.050537109,22.80152672,6.129770992,-11.69465649,,,,,,,,,,,,,,,,,,,,,,,,,,,,,,,,,,,,,,,,
0.219238281,0.906982422,0.021972656,22.70992366,6.763358779,-11.58778626,,,,,,,,,,,,,,,,,,,,,,,,,,,,,,,,,,,,,,,,
0.209472656,0.901611328,0.078613281,23.4351145,3.496183206,-11.84732824,,,,,,,,,,,,,,,,,,,,,,,,,,,,,,,,,,,,,,,,
0.210693359,0.927734375,0.045654297,23.22137405,-1,-13.51145038,,,,,,,,,,,,,,,,,,,,,,,,,,,,,,,,,,,,,,,,
0.194091797,0.939697266,0.080322266,22.84732824,-3.755725191,-11.77099237,,,,,,,,,,,,,,,,,,,,,,,,,,,,,,,,,,,,,,,,
0.219238281,0.919189453,0.040527344,22.90076336,-7.671755725,-11.79389313,,,,,,,,,,,,,,,,,,,,,,,,,,,,,,,,,,,,,,,,
0.259277344,0.937255859,0.071777344,22.96183206,-5.183206107,-11.79389313,,,,,,,,,,,,,,,,,,,,,,,,,,,,,,,,,,,,,,,,
0.286132813,0.919433594,0.001708984,22.63358779,-2.335877863,-13.65648855,,,,,,,,,,,,,,,,,,,,,,,,,,,,,,,,,,,,,,,,
0.290527344,0.946044922,0.021972656,21.42748092,2.320610687,-11.67938931,,,,,,,,,,,,,,,,,,,,,,,,,,,,,,,,,,,,,,,,
0.260742188,0.936035156,0.062988281,20.59541985,5.358778626,-11.96946565,,,,,,,,,,,,,,,,,,,,,,,,,,,,,,,,,,,,,,,,
0.227294922,0.94921875,0.040283203,20.13740458,3.511450382,-11.93129771,,,,,,,,,,,,,,,,,,,,,,,,,,,,,,,,,,,,,,,,
0.219970703,0.914794922,0.076660156,20.12977099,-0.267175573,-13.63358779,,,,,,,,,,,,,,,,,,,,,,,,,,,,,,,,,,,,,,,,
0.290527344,0.918212891,0.025390625,20.23664122,-6.748091603,-11.81679389,,,,,,,,,,,,,,,,,,,,,,,,,,,,,,,,,,,,,,,,
0.270263672,0.915527344,0.046875,20.10687023,-7.083969466,-11.59541985,,,,,,,,,,,,,,,,,,,,,,,,,,,,,,,,,,,,,,,,
0.32421875,0.919677734,0.084716797,19.81679389,-2.083969466,-11.5648855,,,,,,,,,,,,,,,,,,,,,,,,,,,,,,,,,,,,,,,,
0.297119141,0.901611328,0.081542969,19.75572519,-5.328244275,-11.8778626,,,,,,,,,,,,,,,,,,,,,,,,,,,,,,,,,,,,,,,,
0.366699219,0.855712891,0.085205078,20.00763359,-14.06870229,-11.51145038,,,,,,,,,,,,,,,,,,,,,,,,,,,,,,,,,,,,,,,,
0.464111328,0.822998047,0.041503906,20.08396947,-23.86259542,-9.839694656,,,,,,,,,,,,,,,,,,,,,,,,,,,,,,,,,,,,,,,,
0.609375,0.766845703,0.058349609,18.59541985,-27.82442748,-11.72519084,,,,,,,,,,,,,,,,,,,,,,,,,,,,,,,,,,,,,,,,
0.688720703,0.739746094,-0.009277344,16.91603053,-33.10687023,-11.80152672,,,,,,,,,,,,,,,,,,,,,,,,,,,,,,,,,,,,,,,,
0.721679688,0.665039063,0,13.94656489,-35.49618321,-11.70992366,,,,,,,,,,,,,,,,,,,,,,,,,,,,,,,,,,,,,,,,
0.733154297,0.682373047,-0.069335938,7.114503817,-38.61068702,-11.67938931,,,,,,,,,,,,,,,,,,,,,,,,,,,,,,,,,,,,,,,,
0.669189453,0.671386719,-0.071289063,-3.404580153,-40.45038168,-11.51908397,,,,,,,,,,,,,,,,,,,,,,,,,,,,,,,,,,,,,,,,
0.706054688,0.673828125,-0.122070313,-15.90839695,-34.19083969,-11.61832061,,,,,,,,,,,,,,,,,,,,,,,,,,,,,,,,,,,,,,,,
0.63671875,0.548339844,-0.132568359,-34.67938931,-20.67175573,-13.65648855,,,,,,,,,,,,,,,,,,,,,,,,,,,,,,,,,,,,,,,,
0.509521484,0.481689453,-0.08203125,-48.02290076,-9.564885496,-11.48854962,,,,,,,,,,,,,,,,,,,,,,,,,,,,,,,,,,,,,,,,
0.336914063,0.385009766,-0.011962891,-54.45038168,7.572519084,-11.81679389,,,,,,,,,,,,,,,,,,,,,,,,,,,,,,,,,,,,,,,,
0.175292969,0.369384766,-0.018798828,-56.83206107,21.70992366,-11.79389313,,,,,,,,,,,,,,,,,,,,,,,,,,,,,,,,,,,,,,,,
-0.032470703,0.300292969,0.088378906,-55.35114504,21.75572519,-11.54961832,,,,,,,,,,,,,,,,,,,,,,,,,,,,,,,,,,,,,,,,
-0.217529297,0.235839844,0.108154297,-52.23664122,10.51908397,-11.60305344,,,,,,,,,,,,,,,,,,,,,,,,,,,,,,,,,,,,,,,,
-0.398925781,0.283691406,0.142822266,-58.88549618,0.832061069,-11.58015267,,,,,,,,,,,,,,,,,,,,,,,,,,,,,,,,,,,,,,,,
-0.583251953,0.287353516,0.325195313,-70.19847328,1.290076336,-11.79389313,,,,,,,,,,,,,,,,,,,,,,,,,,,,,,,,,,,,,,,,
-0.789794922,0.25390625,0.354248047,-72.86259542,10.50381679,-11.54961832,,,,,,,,,,,,,,,,,,,,,,,,,,,,,,,,,,,,,,,,
-1.101074219,0.17578125,0.304199219,-67.0610687,8.885496183,-11.67938931,,,,,,,,,,,,,,,,,,,,,,,,,,,,,,,,,,,,,,,,
-1.370117188,0.237304688,0.338378906,-60.90839695,-20.54961832,-11.60305344,,,,,,,,,,,,,,,,,,,,,,,,,,,,,,,,,,,,,,,,
-1.440917969,0.340332031,0.3359375,-61.0610687,-50.67938931,-11.53435115,,,,,,,,,,,,,,,,,,,,,,,,,,,,,,,,,,,,,,,,
-1.388916016,0.422851563,0.438232422,-67.81679389,-65.65648855,-11.91603053,,,,,,,,,,,,,,,,,,,,,,,,,,,,,,,,,,,,,,,,
-1.292480469,0.313964844,0.562255859,-69.46564885,-70.34351145,-11.54198473,,,,,,,,,,,,,,,,,,,,,,,,,,,,,,,,,,,,,,,,
-1.070068359,0.28125,0.668212891,-58.72519084,-38.39694656,-11.67175573,,,,,,,,,,,,,,,,,,,,,,,,,,,,,,,,,,,,,,,,
-0.922119141,0.217041016,0.662597656,-42.25954198,-24.58015267,-11.83969466,,,,,,,,,,,,,,,,,,,,,,,,,,,,,,,,,,,,,,,,
-1.018798828,0.359863281,0.711669922,-23.3129771,-0.160305344,-9.801526718,,,,,,,,,,,,,,,,,,,,,,,,,,,,,,,,,,,,,,,,
-1.190673828,0.432861328,0.672851563,-10.29007634,5.679389313,-13.66412214,,,,,,,,,,,,,,,,,,,,,,,,,,,,,,,,,,,,,,,,
-1.191650391,0.531005859,0.582519531,-6.450381679,-2.297709924,-12.00763359,,,,,,,,,,,,,,,,,,,,,,,,,,,,,,,,,,,,,,,,
-1.174316406,0.508300781,0.590820313,-4.519083969,5.106870229,-11.82442748,,,,,,,,,,,,,,,,,,,,,,,,,,,,,,,,,,,,,,,,
-1.150634766,0.497802734,0.635253906,0.198473282,15.44274809,-11.36641221,,,,,,,,,,,,,,,,,,,,,,,,,,,,,,,,,,,,,,,,
-1.188964844,0.467529297,0.647705078,7.778625954,24.94656489,-11.83969466,,,,,,,,,,,,,,,,,,,,,,,,,,,,,,,,,,,,,,,,
-1.257568359,0.485107422,0.697509766,18.69465649,27.36641221,-11.6870229,,,,,,,,,,,,,,,,,,,,,,,,,,,,,,,,,,,,,,,,
-1.315429688,0.459228516,0.754394531,28.86259542,23.16030534,-13.67175573,,,,,,,,,,,,,,,,,,,,,,,,,,,,,,,,,,,,,,,,
-1.194824219,0.474365234,0.721679688,40.96183206,20.35114504,-13.6259542,,,,,,,,,,,,,,,,,,,,,,,,,,,,,,,,,,,,,,,,
-1.200683594,0.403076172,0.739990234,52,24.71755725,-11.81679389,,,,,,,,,,,,,,,,,,,,,,,,,,,,,,,,,,,,,,,,
-1.196777344,0.419921875,0.741455078,58.87022901,30.97709924,-11.63358779,,,,,,,,,,,,,,,,,,,,,,,,,,,,,,,,,,,,,,,,
-1.129150391,0.359375,0.781494141,73.48091603,40.61068702,-11.70992366,,,,,,,,,,,,,,,,,,,,,,,,,,,,,,,,,,,,,,,,
-1.176513672,0.3515625,0.674316406,90.51145038,45.74045802,-11.64122137,,,,,,,,,,,,,,,,,,,,,,,,,,,,,,,,,,,,,,,,
-1.271240234,0.416748047,0.669433594,100.0229008,40.29007634,-11.64122137,,,,,,,,,,,,,,,,,,,,,,,,,,,,,,,,,,,,,,,,
-1.399169922,0.320556641,0.556396484,103.6793893,19.55725191,-9.786259542,,,,,,,,,,,,,,,,,,,,,,,,,,,,,,,,,,,,,,,,
-1.225830078,0.346923828,0.512207031,106.480916,2.145038168,-11.77099237,,,,,,,,,,,,,,,,,,,,,,,,,,,,,,,,,,,,,,,,
-0.882080078,0.280517578,0.479492188,114.0152672,-1.427480916,-11.83206107,,,,,,,,,,,,,,,,,,,,,,,,,,,,,,,,,,,,,,,,
-0.664550781,0.325195313,0.353271484,124.4427481,18.05343511,-11.85496183,,,,,,,,,,,,,,,,,,,,,,,,,,,,,,,,,,,,,,,,
-0.601806641,0.399414063,0.211425781,127.2442748,19.8778626,-11.58778626,,,,,,,,,,,,,,,,,,,,,,,,,,,,,,,,,,,,,,,,
-0.673828125,0.451904297,0.164794922,119.480916,12.72519084,-11.75572519,,,,,,,,,,,,,,,,,,,,,,,,,,,,,,,,,,,,,,,,
-0.384521484,0.404785156,0.153076172,110.0305344,20.67175573,-11.71755725,,,,,,,,,,,,,,,,,,,,,,,,,,,,,,,,,,,,,,,,
-0.21875,0.351806641,0.057373047,105.2671756,6.984732824,-11.77862595,,,,,,,,,,,,,,,,,,,,,,,,,,,,,,,,,,,,,,,,
-0.008789063,0.406005859,0.040283203,98.18320611,9.442748092,-11.48091603,,,,,,,,,,,,,,,,,,,,,,,,,,,,,,,,,,,,,,,,
0.059082031,0.318847656,-0.076660156,93.91603053,14.61068702,-11.69465649,,,,,,,,,,,,,,,,,,,,,,,,,,,,,,,,,,,,,,,,
0.170410156,0.360595703,-0.014648438,83.95419847,20.48854962,-11.77862595,,,,,,,,,,,,,,,,,,,,,,,,,,,,,,,,,,,,,,,,
0.382324219,0.365722656,-0.04296875,71.19083969,-1.969465649,-13.66412214,,,,,,,,,,,,,,,,,,,,,,,,,,,,,,,,,,,,,,,,
0.586669922,0.359375,-0.036865234,68.32061069,-26.88549618,-11.80152672,,,,,,,,,,,,,,,,,,,,,,,,,,,,,,,,,,,,,,,,
0.777099609,0.409179688,-0.114746094,70.6259542,-36.38931298,-11.46564885,,,,,,,,,,,,,,,,,,,,,,,,,,,,,,,,,,,,,,,,
0.950195313,0.393798828,-0.109619141,75.34351145,-37.21374046,-11.58778626,,,,,,,,,,,,,,,,,,,,,,,,,,,,,,,,,,,,,,,,
1.115478516,0.471191406,-0.202880859,77.06870229,-22.57251908,-11.48854962,,,,,,,,,,,,,,,,,,,,,,,,,,,,,,,,,,,,,,,,
1.149658203,0.564208984,-0.138671875,73.96946565,0.175572519,-11.55725191,,,,,,,,,,,,,,,,,,,,,,,,,,,,,,,,,,,,,,,,
1.104492188,0.655517578,-0.161376953,67.00763359,25.61832061,-11.54961832,,,,,,,,,,,,,,,,,,,,,,,,,,,,,,,,,,,,,,,,
1.077392578,0.711914063,-0.201416016,57.74045802,54.65648855,-11.53435115,,,,,,,,,,,,,,,,,,,,,,,,,,,,,,,,,,,,,,,,
0.889404297,0.686767578,-0.176513672,49.23664122,61.61832061,-11.54198473,,,,,,,,,,,,,,,,,,,,,,,,,,,,,,,,,,,,,,,,
0.784912109,0.712158203,-0.146484375,44.45801527,64.52671756,-11.45038168,,,,,,,,,,,,,,,,,,,,,,,,,,,,,,,,,,,,,,,,
0.589599609,0.700927734,-0.139404297,41.27480916,66.39694656,-11.92366412,,,,,,,,,,,,,,,,,,,,,,,,,,,,,,,,,,,,,,,,
0.474121094,0.797851563,-0.152587891,36.32824427,48.24427481,-11.66412214,,,,,,,,,,,,,,,,,,,,,,,,,,,,,,,,,,,,,,,,
0.361083984,0.844238281,-0.058837891,27.38167939,18.78625954,-11.67938931,,,,,,,,,,,,,,,,,,,,,,,,,,,,,,,,,,,,,,,,
0.393554688,0.858398438,-0.083007813,18.25954198,-0.465648855,-12.00763359,,,,,,,,,,,,,,,,,,,,,,,,,,,,,,,,,,,,,,,,
0.474121094,0.873046875,-0.124511719,12.70229008,-9.992366412,-11.85496183,,,,,,,,,,,,,,,,,,,,,,,,,,,,,,,,,,,,,,,,
0.493408203,0.829833984,-0.125976563,10.1221374,-9.145038168,-11.48854962,,,,,,,,,,,,,,,,,,,,,,,,,,,,,,,,,,,,,,,,
0.480712891,0.901855469,-0.059326172,9.442748092,3.511450382,-11.83206107,,,,,,,,,,,,,,,,,,,,,,,,,,,,,,,,,,,,,,,,
0.410400391,0.901367188,-0.046386719,9.564885496,4.938931298,-11.76335878,,,,,,,,,,,,,,,,,,,,,,,,,,,,,,,,,,,,,,,,
0.376464844,0.911865234,-0.005615234,7.610687023,2.175572519,-11.41984733,,,,,,,,,,,,,,,,,,,,,,,,,,,,,,,,,,,,,,,,
0.417480469,0.896484375,-0.064208984,6.702290076,0.618320611,-11.53435115,,,,,,,,,,,,,,,,,,,,,,,,,,,,,,,,,,,,,,,,
0.397949219,0.933837891,0.021484375,7.328244275,4.938931298,-12.05343511,,,,,,,,,,,,,,,,,,,,,,,,,,,,,,,,,,,,,,,,
0.37109375,0.876464844,-0.057128906,9.221374046,9.236641221,-11.61832061,,,,,,,,,,,,,,,,,,,,,,,,,,,,,,,,,,,,,,,,
0.338867188,0.899902344,0.014160156,11.77099237,8.465648855,-11.39694656,,,,,,,,,,,,,,,,,,,,,,,,,,,,,,,,,,,,,,,,
0.307861328,0.861328125,-0.02734375,13.54198473,3.977099237,-11.83969466,,,,,,,,,,,,,,,,,,,,,,,,,,,,,,,,,,,,,,,,